Parole de Vie,"Rue Robert Scott, 14",1180 BRUSSEL-UKKEL ,BRUSSEL-UKKEL,1180,Réseau Antioche,ARPEE
Evangelische Kerk Aalst,"R.-k. Sint-Jozefskerk, Seringenlaan 7",9470 DENDERLEEUW ,DENDERLEEUW,9470,Mission Evangélique Belge,ARPEE
Volle Evangelie Gemeenschap De Bron,Sint-Jobstraat 60,9300 AALST ,AALST,9300,Verbond van Vlaamse Pinkstergemeenten,ARPEE
Volle Evangelie Gemeenschap De Bron,Sint-Jobstraat 60,9300 AALST ,AALST,9300,Verbond van Vlaamse Pinkstergemeenten,ARPEE
Evangelische Kerk Aarschot,"Kapel Bergvijver, Tieltsebaan 72",3200 AARSCHOT ,AARSCHOT,3200,Vrije Evangelische Gemeenten,ARPEE
Nieuw Leven Christen Gemeente,Wissenstraat 22,3200 AARSCHOT ,AARSCHOT,3200,Verbond van Vlaamse Pinkstergemeenten,ARPEE
Evangeliecentrum,Daalstraat 71,1790 AFFLIGEM ,AFFLIGEM,1790,Overleg van Autonome Evangelische Gemeenten,ARPEE
Eglise protestante unie de Belgique,"Rue de l'Industrie, 42",4540 AMAY ,AMAY,4540,Eglise Protestante Unie de Belgique,ARPEE
Eglise protestante unie de Belgique,"Rue de la Station, 8",5300 ANDENNE ,ANDENNE,5300,Eglise Protestante Unie de Belgique,ARPEE
Assemblée protestante évangélique,"Place de la Résistance, 19",6560 ERQUELINNES ,ERQUELINNES,6560,Assemblées Protestantes Évangéliques de Belgique,ARPEE
Eglise protestante unie de Belgique,"Rue François Ennot, 91",4432 ANS ,ANS,4432,Eglise Protestante Unie de Belgique,ARPEE
Antwerp International Protestant Church,Veltwijcklaan 180,2180 ANTWERPEN ,ANTWERPEN,2180,Eglises en entente administrative avec l'EPUB,ARPEE
Eglise Evangélique de Plein Réveil,"School Het Keerpunt, Prins Leopoldstraat 51",2140 ANTWERPEN ,ANTWERPEN,2140,Réseau Antioche,ARPEE
Deutschsprachige evangelische Gemeinde in der Provinz Antwerpen (DEGPA),"Kapel van het T.P.C., Groenenborgerlaan 149",2020 ANTWERPEN ,ANTWERPEN,2020,Eglises affilié à l'EPUB,ARPEE
Biserica Creștină Română Elim,Sint-Bernardsesteenweg 770,2660 ANTWERPEN ,ANTWERPEN,2660,Réseau Antioche,ARPEE
Eglise Corps de Christ,Klapdorp 68,2000 ANTWERPEN ,ANTWERPEN,2000,Réseau Antioche,ARPEE
Fraternité évangélique de Pentecôte en Afrique et en Belgique - Paroisse d'Anvers,Tweemontstraat 407,2100 ANTWERPEN ,ANTWERPEN,2100,Réseau Antioche,ARPEE
Église internationale Source de Bénédiction,"Place de la Gare, 1",1082 BRUSSEL-BERCHEM-SAINTE-AGATHE ,BRUSSEL-BERCHEM-SAINTE-AGATHE,1082,Réseau Antioche,ARPEE
Iglesia Cristiana de Amberes,Vliegenstraat 39-41,2060 ANTWERPEN ,ANTWERPEN,2060,Concertation des Églises Indépendantes,ARPEE
L'Arche de l'Eternel,Lange Beeldekensstraat 35,2060 ANTWERPEN ,ANTWERPEN,2060,Église de Dieu en Belgique,ARPEE
La Nouvelle Jérusalem,Lange Leemstraat 383,2018 ANTWERPEN ,ANTWERPEN,2018,Église de Dieu en Belgique,ARPEE
Eglise protestante unie de Belgique,Bexstraat 13,2018 ANTWERPEN ,ANTWERPEN,2018,Eglise Protestante Unie de Belgique,ARPEE
Evangelische Christengemeente Berchem,Sint-Lambertusstraat 38,2600 ANTWERPEN ,ANTWERPEN,2600,Evangelische Christengemeenten Vlaanderen,ARPEE
Adventkerk,Lange Lozanastraat 36,2000 ANTWERPEN ,ANTWERPEN,2000,Fédération des Eglises adventistes,ARPEE
Christelijke Gereformeerde Kerk - Evangelisch Centrum,Boterlaarbaan 19-21,2100 ANTWERPEN ,ANTWERPEN,2100,Gereformeerd Overleg Vlaanderen,ARPEE
Gereformeerde Gemeente - Christelijk Centrum De Bron,Jaak De Boeckstraat 21-23,2170 ANTWERPEN ,ANTWERPEN,2170,Gereformeerd Overleg Vlaanderen,ARPEE
Leger des Heils,Aalmoezenierstraat 54,2000 ANTWERPEN ,ANTWERPEN,2000,Armée du Salut,ARPEE
Evangelische Kerk Antwerpen,Karel Rogierstraat 8,2000 ANTWERPEN ,ANTWERPEN,2000,Evangelische Christengemeenten Vlaanderen,ARPEE
International Baptist Church (IBC),Onderwijsstraat 28,2060 ANTWERPEN ,ANTWERPEN,2060,Overleg van Autonome Evangelische Gemeenten,ARPEE
Wereldwijde Kerk van God,"Zaal 't Spieke, Hanegraefstraat 5",2050 ANTWERPEN-LINKEROEVER ,ANTWERPEN-LINKEROEVER,2050,Overleg van Autonome Evangelische Gemeenten,ARPEE
Evangelisch-Lutherse Kerk,Tabakvest 59,2000 ANTWERPEN ,ANTWERPEN,2000,Eglises Luthériennes,ARPEE
Antwerp Christian Fellowship,Lange Lozanastraat 36,2018 ANTWERPEN ,ANTWERPEN,2018,Eglises en entente administrative avec l'EPUB,ARPEE
Antwerp Truth Church,Lange Beeldekensstraat 24,2060 ANTWERPEN ,ANTWERPEN,2060,Verbond van Vlaamse Pinkstergemeenten,ARPEE
De Wijngaard Christengemeenschap,Duinstraat 84,2060 ANTWERPEN ,ANTWERPEN,2060,Verbond van Vlaamse Pinkstergemeenten,ARPEE
Endtime Outreach International Ministry,Duinstraat 84,2060 ANTWERPEN ,ANTWERPEN,2060,Onder de directe verantwoordelijkheid van de Uitvoerende Raad van de Federale Synode,ARPEE
Evangelische Kerk Philadelphia,Sint-Bernardsesteenweg 505,2660 ANTWERPEN ,ANTWERPEN,2660,Verbond van Vlaamse Pinkstergemeenten,ARPEE
Light of the World Ministry International - House of Glory,"Zaal 't Capucientje, Capucienenlaan 99",9300 AALST ,AALST,9300,Verbond van Vlaamse Pinkstergemeenten,ARPEE
Centro Cristiano Pentecostal Vida Nueva,"Rue Gheude, 54 (salle à droite)",1070 BRUSSEL-ANDERLECHT ,BRUSSEL-ANDERLECHT,1070,Concertation des Églises Indépendantes,ARPEE
The Redeemed Christian Church of God - New Life Assembly,Statiestraat 149,2600 ANTWERPEN ,ANTWERPEN,2600,Redeemed Christian Church of God,ARPEE
Universele Kerk van Gods Rijk,Carnotstraat 15,2060 ANTWERPEN ,ANTWERPEN,2060,Verbond van Vlaamse Pinkstergemeenten,ARPEE
Christusgemeente,Bexstraat 13,2018 ANTWERPEN ,ANTWERPEN,2018,Eglise Protestante Unie de Belgique,ARPEE
De Brabantse Olijfberg,Lange Winkelstraat 5,2000 ANTWERPEN ,ANTWERPEN,2000,Eglise Protestante Unie de Belgique,ARPEE
Protestantse kerk De Wijngaard,Sanderusstraat 77,2018 ANTWERPEN ,ANTWERPEN,2018,Eglise Protestante Unie de Belgique,ARPEE
Eglise Protestante Luthérienne Belge de la Confession d'Augsbourg - Eglise Protestante Luthérienne du Pays d'Arlon,"Quartier Callemeyn, Avenue du Dixième de Ligne",6700 ARLON ,ARLON,6700,Eglises Luthériennes,ARPEE
Eglise protestante évangélique,"Rue du Temple, 1",6700 ARLON ,ARLON,6700,Mission Evangélique Belge,ARPEE
Eglise protestante unie de Belgique,"Rue des Ecriniers, 6 A",7800 AAT ,AAT,7800,Eglise Protestante Unie de Belgique,ARPEE
Eglise Evangélique Protestante,"Rue du Fort, 16",7800 AAT ,AAT,7800,Onder de directe verantwoordelijkheid van de Uitvoerende Raad van de Federale Synode,ARPEE
Eglise Protestante Baptiste Centre Martin Luther King,"Rue du Halage, 40",4920 AYWAILLE ,AYWAILLE,4920,Eglises en entente administrative avec l'EPUB,ARPEE
Evangelische Kerk Pniël,Kolfstraat 9,2490 BALEN ,BALEN,2490,Eglises affilié à l'EPUB,ARPEE
Christengemeente Kempen,Rijkevorselseweg 42,2340 BEERSE ,BEERSE,2340,Evangelische Christengemeenten Vlaanderen,ARPEE
Korean Mission Church,Alsembergsesteenweg 1131,1650 BEERSEL ,BEERSEL,1650,Concertation des Églises Indépendantes,ARPEE
Evangelische Kerk De Graankorrel,Leemstraat 89,3582 BERINGEN ,BERINGEN,3582,Evangelische Christengemeenten Vlaanderen,ARPEE
Evangelische Kerk Bilzen,Spurkerweg 25,3740 BILZEN ,BILZEN,3740,Evangelische Christengemeenten Vlaanderen,ARPEE
Assemblée de Dieu,"Chaussée Brunehault, 281",7134 BINCHE ,BINCHE,7134,Assemblées de Dieu Francophones de Belgique,ARPEE
Eglise Protestante Evangélique de Binche,"Maison Communale de Waudrez, Place de l'Europe 7",7131 BINCHE ,BINCHE,7131,Mission Evangélique Belge,ARPEE
Eglise protestante unie de Belgique,"Rue de la Station, 54",4670 BLEGNY ,BLEGNY,4670,Eglise Protestante Unie de Belgique,ARPEE
Verenigde Protestantse Kerk in België,Onze Lieve Vrouweplein 2,2530 BOECHOUT ,BOECHOUT,2530,Eglise Protestante Unie de Belgique,ARPEE
Christelijk Centrum,Beukenlaan 54,2850 BOOM ,BOOM,2850,Evangelische Christengemeenten Vlaanderen,ARPEE
Evangelische kerk Klein-Brabant,Kardinaal Cardijnplein 8,2880 BORNEM ,BORNEM,2880,Verbond van Vlaamse Pinkstergemeenten,ARPEE
Eglise protestante unie de Belgique (Boussu-Bois),"Rue Alfred Dendal, 86",7300 BOUSSU ,BOUSSU,7300,Eglise Protestante Unie de Belgique,ARPEE
Eglise protestante unie de Belgique,"Rue de la Chapelle, 75",7301 BOUSSU ,BOUSSU,7301,Eglise Protestante Unie de Belgique,ARPEE
Assemblée protestante évangélique,"Place Sainte-Anne, 6",1420 BRAINE-L'ALLEUD,BRAINE-L'ALLEUD,1420,Assemblées Protestantes Évangéliques de Belgique,ARPEE
Eglise Réformée de l'Alliance,"Centre Pluraliste, Avenue Général Ruquoy, 54",1420 BRAINE-L'ALLEUD ,BRAINE-L'ALLEUD,1420,Eglise Protestante Unie de Belgique,ARPEE
Eglise adventiste,"Rue Vallée Bailly, 62",1420 S-GRAVENBRAKEL ,S-GRAVENBRAKEL,1420,Fédération des Eglises adventistes,ARPEE
Eglise Protestante Evangélique,"Rue Louis Gheude, 12",1440 KASTEELBRAKEL ,KASTEELBRAKEL,1440,Assemblées Protestantes Évangéliques de Belgique,ARPEE
La Nouvelle Jérusalem,"Rue de Mons, 30",7090 SOIGNIES ,SOIGNIES,7090,Église de Dieu en Belgique,ARPEE
Evangelische Kerk,"Kleine turnzaal van G.O. “De Rijdtmeersen”, ingang langs poort Wielendaalstraat",9660 BRAKEL ,BRAKEL,9660,Mission Evangélique Belge,ARPEE
Eglise missionnaire Assemblée de Dieu,"Shopping Center, Bredabaan 486, winkel n° 18",2170 ANTWERPEN ,ANTWERPEN,2170,Réseau Antioche,ARPEE
Evangelische Kerk,Lage Kaart 324,2930 BRASSCHAAT ,BRASSCHAAT,2930,Mission Evangélique Belge,ARPEE
De Olijftak,Leopoldslei 35,2930 BRASSCHAAT ,BRASSCHAAT,2930,Eglise Protestante Unie de Belgique,ARPEE
Adventkerk,Freren Fonteinstraat 9,8000 BRUGGE ,BRUGGE,8000,Fédération des Eglises adventistes,ARPEE
Pinkstergemeente De Kruispoort,Dampoortstraat 168,8310 BRUGGE ,BRUGGE,8310,Verbond van Vlaamse Pinkstergemeenten,ARPEE
Protestantse kerk Brugge - 't Keerske,"Sint-Pieterskapel, Keersstraat 1",8000 BRUGGE ,BRUGGE,8000,Eglise Protestante Unie de Belgique,ARPEE
Vrije Evangelische Gemeente,Naaldenstraat 18,8000 BRUGGE ,BRUGGE,8000,Vrije Evangelische Gemeenten,ARPEE
Eglise protestante unie de Belgique,"Rue du Temple, 21",7623 BRUNEHAUT ,BRUNEHAUT,7623,Eglise Protestante Unie de Belgique,ARPEE
Armée du Salut,"Place du Nouveau Marché aux Grains, 33",1000 BRUSSEL ,BRUSSEL,1000,Armée du Salut,ARPEE
Eglise Protestante Evangélique du Heysel,"Rue du Sansonnet, 8",1020 BRUSSEL ,BRUSSEL,1020,Assemblées Protestantes Évangéliques de Belgique,ARPEE
Centre Evangélique Pain de Vie,"Chaussée d'Anvers, 324-326",1000 BRUSSEL ,BRUSSEL,1000,Concertation des Églises Indépendantes,ARPEE
Communauté Chrétienne de Jette,"Chaussée de Jette, 448",1090 BRUSSEL-JETTE ,BRUSSEL-JETTE,1090,Concertation des Églises Indépendantes,ARPEE
Communauté Chrétienne du Catalpa,Berkendallaan 195,1800 VILVORDE ,VILVORDE,1800,Concertation des Églises Indépendantes,ARPEE
Communauté des Frères chrétiens de Belgique,"Rue Gustave Schildknecht, 19",1020 BRUSSEL ,BRUSSEL,1020,Concertation des Églises Indépendantes,ARPEE
Eglise de Dieu de la Prophétie,"Rue de la Roue, 7",1000 BRUSSEL ,BRUSSEL,1000,Onder de directe verantwoordelijkheid van de Uitvoerende Raad van de Federale Synode,ARPEE
Eglise évangélique arménienne,"Rue du Heysel, 20",1020 BRUSSEL ,BRUSSEL,1020,Concertation des Églises Indépendantes,ARPEE
Eglise protestante,"Rue Steyls, 120",1020 BRUSSEL ,BRUSSEL,1020,Concertation des Églises Indépendantes,ARPEE
Mission évangélique internationale Arche de Noé,rue Heyvaert 187,1080 BRUSSEL-SINT-JANS-MOLENBEEK ,BRUSSEL-SINT-JANS-MOLENBEEK,1080,Concertation des Églises Indépendantes,ARPEE
Praise Center - Eglise philippine,Statiestraat 69,2600 ANTWERPEN ,ANTWERPEN,2600,Concertation des Églises Indépendantes,ARPEE
Église Protestante de Bruxelles-Musée - Chapelle Royale,"Place du Musée, 2 / Coudenberg, 5",1000 BRUSSEL ,BRUSSEL,1000,Eglise Protestante Unie de Belgique,ARPEE
Eglise Protestante de Bruxelles-Botanique (EPBB),"Boulevard Bischoffsheim, 40",1000 BRUSSEL ,BRUSSEL,1000,Eglise Protestante Unie de Belgique,ARPEE
Eglise évangélique de Bruxelles-Est,"Rue Ernest Allard, 11-13 (2ème étage)",1000 BRUSSEL ,BRUSSEL,1000,Onder de directe verantwoordelijkheid van de Uitvoerende Raad van de Federale Synode,ARPEE
Eglise protestante évangélique,"Rue du Moniteur, 7",1000 BRUSSEL ,BRUSSEL,1000,Association des Églises Protestantes Évangéliques de Belgique,ARPEE
Vlaamse Adventkerk,"Ernest Allardstraat, 11",1000 BRUSSEL ,BRUSSEL,1000,Fédération des Eglises adventistes,ARPEE
Eglise adventiste francophone,"Rue Ernest Allard, 11",1000 BRUSSEL ,BRUSSEL,1000,Fédération des Eglises adventistes,ARPEE
Eglise adventiste lusophone,"Boulevard Jamar, 37",1060 BRUSSEL-SINT-GILLIS ,BRUSSEL-SINT-GILLIS,1060,Fédération des Eglises adventistes,ARPEE
Eglise adventiste roumaine,"Rue Ernest Allard, 11",1000 BRUSSEL ,BRUSSEL,1000,Fédération des Eglises adventistes,ARPEE
International Adventist Church,"Rue Ernest Allard, 11",1000 BRUSSEL ,BRUSSEL,1000,Fédération des Eglises adventistes,ARPEE
Eglise arabe,"Rue Léopold Ier, 117",1020 BRUSSEL ,BRUSSEL,1020,Union des Baptistes en Belgique,ARPEE
Eglise vietnamienne,"Rue du Moniteur, 7",1000 BRUSSEL ,BRUSSEL,1000,Mission Evangélique Belge,ARPEE
Assemblée les Messagers,"Chaussée de Haecht, 296",1030 BRUSSEL-SCHAARBEEK ,BRUSSEL-SCHAARBEEK,1030,Réseau Antioche,ARPEE
Biserica Creștină Română Elim,"Rue Stéphanie, 107",1020 BRUSSEL ,BRUSSEL,1020,Réseau Antioche,ARPEE
Les Ambassadeurs,"Rue Gheude, 54",1070 BRUSSEL ,BRUSSEL,1070,Réseau Antioche,ARPEE
Eglise pentecôtiste Source du Salut,"Boulevard de l'Abattoir, 26",1000 BRUSSEL ,BRUSSEL,1000,Réseau Antioche,ARPEE
Living Stone World Worship Centre International,"Chaussée de Louvain, 1064",1140 BRUSSEL-EVERE ,BRUSSEL-EVERE,1140,Réseau Antioche,ARPEE
Ministère de la Résurrection,"Boulevard Louis Mettewie 46, Bte 84",1080 BRUSSEL-SINT-JANS-MOLENBEEK ,BRUSSEL-SINT-JANS-MOLENBEEK,1080,Réseau Antioche,ARPEE
Centre Baptiste Oasis,"Place Joseph Benoît Willems, 8",1020 BRUSSEL ,BRUSSEL,1020,Union des Baptistes en Belgique,ARPEE
Protestantse Kerk Brussel,Nieuwe Graanmarkt 8,1000 BRUSSEL ,BRUSSEL,1000,Eglise Protestante Unie de Belgique,ARPEE
Eglise Protestante Libérale,"Rue Charles Quint, 117",1000 BRUSSEL ,BRUSSEL,1000,Eglise Protestante Libérale,ARPEE
Arche de la gloire de l'Eternel,"Rue de Birmingham, 222",1070 BRUSSEL-ANDERLECHT ,BRUSSEL-ANDERLECHT,1070,Concertation des Églises Indépendantes,ARPEE
Ministère Médicinal et Guérison - La Parole de Vie,Hof ter Lo 7 bus 18,2140 ANTWERPEN ,ANTWERPEN,2140,Verbond van Vlaamse Pinkstergemeenten,ARPEE
Centro Evangelístico Internacional,"Rue Charles Parenté, 3 A",1070 BRUSSEL-ANDERLECHT ,BRUSSEL-ANDERLECHT,1070,Concertation des Églises Indépendantes,ARPEE
The Lighthouse Centre,"Rue Van Lint, 26",1070 BRUSSEL-ANDERLECHT ,BRUSSEL-ANDERLECHT,1070,Réseau Antioche,ARPEE
Eglise évangélique de la Vaillance,"Rue d'Aumale, 11",1070 BRUSSEL-ANDERLECHT ,BRUSSEL-ANDERLECHT,1070,Concertation des Églises Indépendantes,ARPEE
Eglise Evangélique Internationale La Providence,"Rue Gheude, 54 (salle principale)",1070 BRUSSEL-ANDERLECHT ,BRUSSEL-ANDERLECHT,1070,Concertation des Églises Indépendantes,ARPEE
Eglise évangélique Le Phare,Chaussée d'Alsemberg 207,1420 BRAINE-L'ALLEUD ,BRAINE-L'ALLEUD,1420,Concertation des Églises Indépendantes,ARPEE
Praise Center,"Rue Gheude, 54",1070 BRUSSEL-ANDERLECHT ,BRUSSEL-ANDERLECHT,1070,Concertation des Églises Indépendantes,ARPEE
Communauté Protestante Évangélique Anderlecht,"Boulevard Maurice Herbette, 24",1070 BRUSSEL-ANDERLECHT ,BRUSSEL-ANDERLECHT,1070,Église Apostolique,ARPEE
Mission évangélique de Pentecôte Arche de l'Eternel,"rue Heyvaert, 187",1080 BRUSSEL-SINT-JANS-MOLENBEEK ,BRUSSEL-SINT-JANS-MOLENBEEK,1080,Réseau Antioche,ARPEE
Eglise protestante unie de Belgique - Eglise francophone,"Rue Walcourt, 103",1070 BRUSSEL-ANDERLECHT ,BRUSSEL-ANDERLECHT,1070,Eglise Protestante Unie de Belgique,ARPEE
Eglise Vie et Lumière,"Route de Lennik, 300",1070 BRUSSEL-ANDERLECHT ,BRUSSEL-ANDERLECHT,1070,Mission Tzigane Vie et Lumière,ARPEE
Comunidade Cristã Brasileira (CCBr),"Rue des Deux Gares, 91",1070 BRUSSEL-ANDERLECHT ,BRUSSEL-ANDERLECHT,1070,Réseau Antioche,ARPEE
Fraternité évangélique de Pentecôte en Afrique et en Belgique,"Rue Brialmont, 7",1210 BRUSSEL-SINT-JOOST-TEN-NODE ,BRUSSEL-SINT-JOOST-TEN-NODE,1210,Réseau Antioche,ARPEE
Mission évangélique La Bonne Nouvelle du Salut,"Rue Birmingham, 222",1070 BRUSSEL-ANDERLECHT ,BRUSSEL-ANDERLECHT,1070,Réseau Antioche,ARPEE
Mission évangélique Tabernacle de Jésus-Christ,"Rue Brogniez, 21",1070 BRUSSEL-ANDERLECHT ,BRUSSEL-ANDERLECHT,1070,Réseau Antioche,ARPEE
Mission Internationale du Plein Evangile,"Rue de l'Instruction, 112",1070 BRUSSEL-ANDERLECHT ,BRUSSEL-ANDERLECHT,1070,Fraternité des Églises du Réveil en Belgique,ARPEE
Comunidade Renascer em Cristo (Renaître en Christ),"Rue Gheude, 21-25 (1er étage)",1070 BRUSSEL-ANDERLECHT ,BRUSSEL-ANDERLECHT,1070,Réseau Antioche,ARPEE
Zion Temple Celebration Centre Bruxelles (Ministère de la Parole Authentique),Rue des Ateliers 19,1080 BRUSSEL-SINT-JANS-MOLENBEEK ,BRUSSEL-SINT-JANS-MOLENBEEK,1080,Réseau Antioche,ARPEE
Bethlehemkerk (Nederlandstalige kerk),Walcourtstraat 103,1070 BRUSSEL-ANDERLECHT ,BRUSSEL-ANDERLECHT,1070,Eglise Protestante Unie de Belgique,ARPEE
Iglesia Adventista del 7° Día Hispana de Bruselas (Bizet),"Rue Walcourt, 103",1070 BRUSSEL-ANDERLECHT ,BRUSSEL-ANDERLECHT,1070,Fédération des Eglises adventistes,ARPEE
Eglise Universelle de Dieu - Le monde à venir,"Salle Sainte-Anne, Chaussée de Tervueren, 131",1160 BRUSSEL-OUDERGEM ,BRUSSEL-OUDERGEM,1160,Concertation des Églises Indépendantes,ARPEE
Assembleia de Deus,"Boulevard du Souverain, 220",1160 BRUSSEL-OUDERGEM ,BRUSSEL-OUDERGEM,1160,Assemblées de Dieu Francophones de Belgique,ARPEE
Eglise évangélique,"Chaussée de Wavre, 880",1040 BRUSSEL-ETTERBEEK ,BRUSSEL-ETTERBEEK,1040,Assemblées Protestantes Évangéliques de Belgique,ARPEE
Eglise Evangélique Arabe de Belgique / Arabische Evangelische Kerk van België,Lange Molenstraat 58,1800 VILVORDE ,VILVORDE,1800,Concertation des Églises Indépendantes,ARPEE
Eglise Baptiste de la Grâce,"Chaussée de Haecht, 982",1140 BRUSSEL-EVERE ,BRUSSEL-EVERE,1140,Concertation des Églises Indépendantes,ARPEE
Eglise protestante évangélique d'Evere,"Rue Godfroid Kurth, 65",1140 BRUSSEL-EVERE ,BRUSSEL-EVERE,1140,Association des Églises Protestantes Évangéliques de Belgique,ARPEE
Schekina Cathédrale,"Rue du Bateau, 12A",1080 BRUSSEL-SINT-JANS-MOLENBEEK ,BRUSSEL-SINT-JANS-MOLENBEEK,1080,Concertation des Églises Indépendantes,ARPEE
Vineyard Brussels (ex: International Christian Fellowship),"Boulevard du Souverain, 220",1160 BRUSSEL-OUDERGEM ,BRUSSEL-OUDERGEM,1160,Réseau Antioche,ARPEE
Centre Evangélique,"Avenue Van Volxem, 194",1190 BRUSSEL-VORST ,BRUSSEL-VORST,1190,Assemblées de Dieu Francophones de Belgique,ARPEE
Centre de Réveil Fleuves d'Eau Vive,"Rue du Feu, 55 A",1190 BRUSSEL-VORST ,BRUSSEL-VORST,1190,Concertation des Églises Indépendantes,ARPEE
Assemblée Messianique Beth Yeshoua,"Rue de Baume, 239",7100 LA LOUVIÈRE ,LA LOUVIÈRE,7100,Concertation des Églises Indépendantes,ARPEE
Iglesia Adventista del 7° Día Hispana de Bruselas (Bethel),"Chaussée d'Anvers, 324-326",1000 BRUSSEL ,BRUSSEL,1000,Fédération des Eglises adventistes,ARPEE
Eglise Baptiste de Bruxelles,"Rue Jef Devos, 26",1190 BRUSSEL-VORST ,BRUSSEL-VORST,1190,Union des Baptistes en Belgique,ARPEE
Communauté chrétienne de Ganshoren Le Cépage,"Rue Jean de Greef, 10-12",1083 BRUSSEL-GANSHOREN ,BRUSSEL-GANSHOREN,1083,Concertation des Églises Indépendantes,ARPEE
Armée du Salut,"Rue Tenbosch, 122 A",1050 BRUSSEL-ELSENE ,BRUSSEL-ELSENE,1050,Armée du Salut,ARPEE
Cristo para as Nações,"Rue de la Cuve, 16 A",1050 BRUSSEL-ELSENE ,BRUSSEL-ELSENE,1050,Onder de directe verantwoordelijkheid van de Uitvoerende Raad van de Federale Synode,ARPEE
Centro de Adoração,"Rue Van Lint, 37",1070 BRUSSEL-ANDERLECHT ,BRUSSEL-ANDERLECHT,1070,Concertation des Églises Indépendantes,ARPEE
Eglise protestante unie de Belgique,"Rue du Champ de Mars, 5",1050 BRUSSEL-ELSENE ,BRUSSEL-ELSENE,1050,Eglise Protestante Unie de Belgique,ARPEE
Saint Andrew's Church of Scotland,"Chaussée de Vleurgat, 181",1050 BRUSSEL-ELSENE ,BRUSSEL-ELSENE,1050,Eglise Protestante Unie de Belgique,ARPEE
La Nouvelle Jérusalem,"Rue Picard, 174-176-178",1080 BRUSSEL-SINT-JANS-MOLENBEEK ,BRUSSEL-SINT-JANS-MOLENBEEK,1080,Église de Dieu en Belgique,ARPEE
Eglise La Louange,Rue Général Eenens 81,1030 BRUSSEL-SCHAARBEEK ,BRUSSEL-SCHAARBEEK,1030,Réseau Antioche,ARPEE
Eglise protestante baptiste La Fraternité,"Rue Ulens, 55",1080 BRUSSEL-SINT-JANS-MOLENBEEK ,BRUSSEL-SINT-JANS-MOLENBEEK,1080,Union des Baptistes en Belgique,ARPEE
Centro Evangélico Hispanoamérico Emanuel,"Rue Conraets, 11",1060 BRUSSEL-SINT-GILLIS ,BRUSSEL-SINT-GILLIS,1060,Assemblées de Dieu Francophones de Belgique,ARPEE
Assemblée de Dieu - Ministério Restauração,"Rue Berthelot, 106-108",1190 BRUSSEL-VORST ,BRUSSEL-VORST,1190,Onder de directe verantwoordelijkheid van de Uitvoerende Raad van de Federale Synode,ARPEE
Mission évangélique Eben-Ezer,"Rue Joseph Claes, 41",1060 BRUSSEL-SINT-GILLIS ,BRUSSEL-SINT-GILLIS,1060,Concertation des Églises Indépendantes,ARPEE
La Nouvelle Jérusalem,"Rue de Mérode, 210 B",1060 BRUSSEL-SINT-GILLIS ,BRUSSEL-SINT-GILLIS,1060,Église de Dieu en Belgique,ARPEE
Assemblée du Plein Evangile,"Rue Scailquin, 36",1210 BRUSSEL-SINT-JOOST-TEN-NODE ,BRUSSEL-SINT-JOOST-TEN-NODE,1210,Concertation des Églises Indépendantes,ARPEE
Philadelphia Church,"Rue Emile Wauters, 110",1020 BRUSSEL ,BRUSSEL,1020,Overleg van Autonome Evangelische Gemeenten,ARPEE
Association évangélique baptiste - Eglise protestante baptiste de Schaerbeek,Boulevard de la Cambre 46,1000 BRUSSEL ,BRUSSEL,1000,Concertation des Églises Indépendantes,ARPEE
Christengemeente De Smalle Weg,Laconiastraat 8,8000 BRUGGE ,BRUGGE,8000,Overleg van Autonome Evangelische Gemeenten,ARPEE
Destiny Christian Center,"Protestant Church, Place du Nouveau Marché aux Grains, 8",1000 BRUSSEL ,BRUSSEL,1000,Onder de directe verantwoordelijkheid van de Uitvoerende Raad van de Federale Synode,ARPEE
La Nouvelle Jérusalem,"Chaussée de Haecht, 296",1030 BRUSSEL-SCHAARBEEK ,BRUSSEL-SCHAARBEEK,1030,Église de Dieu en Belgique,ARPEE
Eglise Méthodiste Libre,"Avenue de Roodebeek, 151",1030 BRUSSEL-SCHAARBEEK ,BRUSSEL-SCHAARBEEK,1030,Free Methodist Church,ARPEE
Mission mondiale Evangile du Christ,Rue de Bonne 59 (2° étage),1080 BRUSSEL-SINT-JANS-MOLENBEEK ,BRUSSEL-SINT-JANS-MOLENBEEK,1080,Onder de directe verantwoordelijkheid van de Uitvoerende Raad van de Federale Synode,ARPEE
Evangelische Kerk Bethel,Haachtsesteenweg 403,1030 BRUSSEL-SCHAARBEEK ,BRUSSEL-SCHAARBEEK,1030,Vrije Evangelische Gemeenten,ARPEE
Eglise apostolique évangélique,"Chaussée d'Alsemberg, 990",1180 BRUSSEL-UKKEL ,BRUSSEL-UKKEL,1180,Église Apostolique,ARPEE
Eglise Méthodiste Libre,"Chaussée d'Alsemberg, 877",1180 BRUSSEL-UKKEL ,BRUSSEL-UKKEL,1180,Free Methodist Church,ARPEE
Eglise Evangélique d'Uccle,"Chaussée d'Alsemberg, 877",1180 BRUSSEL-UKKEL ,BRUSSEL-UKKEL,1180,Eglise Protestante Unie de Belgique,ARPEE
Eglise protestante unie de Belgique,"Avenue des Cailles, 131",1170 BRUSSEL-WATERMAAL-BOSVOORDE ,BRUSSEL-WATERMAAL-BOSVOORDE,1170,Eglise Protestante Unie de Belgique,ARPEE
International Protestant Church,"Eglise Notre Dame du Blankedelle, Avenue des Héros, 40",1160 BRUSSEL-OUDERGEM ,BRUSSEL-OUDERGEM,1160,Eglise Protestante Unie de Belgique,ARPEE
Eglise Evangélique Arménienne,"Avenue des Iles d'Or, 15",1200 BRUSSEL-SINT-LAMBRECHTS-WOLUWE ,BRUSSEL-SINT-LAMBRECHTS-WOLUWE,1200,Concertation des Églises Indépendantes,ARPEE
Église Protestante Évangélique de Bruxelles-Woluwe,"Avenue A.J. Slegers, 96",1200 BRUSSEL-SINT-LAMBRECHTS-WOLUWE ,BRUSSEL-SINT-LAMBRECHTS-WOLUWE,1200,Association des Églises Protestantes Évangéliques de Belgique,ARPEE
Eglise adventiste,"Avenue des Iles d'Or, 15",1200 BRUSSEL-SINT-LAMBRECHTS-WOLUWE ,BRUSSEL-SINT-LAMBRECHTS-WOLUWE,1200,Fédération des Eglises adventistes,ARPEE
Communauté Chrétienne de Stockel,"Avenue Edmond Parmentier, 250",1150 BRUSSEL-SINT-PIETERS-WOLUWE ,BRUSSEL-SINT-PIETERS-WOLUWE,1150,Concertation des Églises Indépendantes,ARPEE
Deutschsprachige evangelische Gemeinde,"Avenue Salomé, 7",1150 BRUSSEL-SINT-PIETERS-WOLUWE ,BRUSSEL-SINT-PIETERS-WOLUWE,1150,Eglises affilié à l'EPUB,ARPEE
Communauté Chrétienne de Bruxelles-Est,"Fraternités du Bon Pasteur, Rue au Bois, 365 B",1150 BRUSSEL-SINT-PIETERS-WOLUWE ,BRUSSEL-SINT-PIETERS-WOLUWE,1150,Réseau Antioche,ARPEE
All Lutheran Church of Brussels,"Avenue Salomé, 7",1150 BRUSSEL-SINT-PIETERS-WOLUWE ,BRUSSEL-SINT-PIETERS-WOLUWE,1150,Eglises Luthériennes,ARPEE
Eglise protestante évangélique,"Rue Émile Vandervelde, 59",7160 CHAPELLE-LEZ-HERLAIMONT ,CHAPELLE-LEZ-HERLAIMONT,7160,Association des Églises Protestantes Évangéliques de Belgique,ARPEE
Armée du Salut,"Rue Louis Biernaux, 111-113",6040 CHARLEROI ,CHARLEROI,6040,Armée du Salut,ARPEE
Assemblée de Dieu,"Avenue de l'Europe, 44",6000 CHARLEROI ,CHARLEROI,6000,Assemblées de Dieu Francophones de Belgique,ARPEE
Assemblée de Dieu - Mission Evangélique La Bonne Nouvelle,"Avenue de l'Europe, 44",6000 CHARLEROI ,CHARLEROI,6000,Assemblées de Dieu Francophones de Belgique,ARPEE
Centre évangélique Vie Nouvelle,"Rue du Vigneron, 142",6043 CHARLEROI ,CHARLEROI,6043,Assemblées de Dieu Francophones de Belgique,ARPEE
Assemblée évangélique de Réveil,"Rue Sainte-Agnès, 1",6060 CHARLEROI ,CHARLEROI,6060,Assemblées de Dieu Francophones de Belgique,ARPEE
Centre évangélique,"Rue des Nutons, 256",6060 CHARLEROI ,CHARLEROI,6060,Onder de directe verantwoordelijkheid van de Uitvoerende Raad van de Federale Synode,ARPEE
La Voix de l'Evangile,"Rue Léon Dubois, 299",6030 CHARLEROI ,CHARLEROI,6030,Assemblées de Dieu Francophones de Belgique,ARPEE
Mission évangélique de Réveil « Foi et Lumière »,"Rue Napoléon Lejong, 46",6032 CHARLEROI ,CHARLEROI,6032,Onder de directe verantwoordelijkheid van de Uitvoerende Raad van de Federale Synode,ARPEE
Dynamic Faith Ministry International,Hogeweg,2140 ANTWERPEN ,ANTWERPEN,2140,Redeemed Christian Church of God,ARPEE
Assemblée protestante évangélique,"Rue de Bayemont, 35",6040 CHARLEROI ,CHARLEROI,6040,Assemblées Protestantes Évangéliques de Belgique,ARPEE
Assemblée protestante évangélique,"Rue Séraphin Antoine, 89",6032 CHARLEROI ,CHARLEROI,6032,Assemblées Protestantes Évangéliques de Belgique,ARPEE
La Nouvelle Jérusalem,"Rue de Jumet, 328",6030 CHARLEROI ,CHARLEROI,6030,Église de Dieu en Belgique,ARPEE
Deutschsprachige evangelische Gemeinde,"Rue Charbonnel, 121",6043 CHARLEROI ,CHARLEROI,6043,Eglises affilié à l'EPUB,ARPEE
Eglise protestante unie de Belgique,"Boulevard Audent, 20",6000 CHARLEROI ,CHARLEROI,6000,Eglise Protestante Unie de Belgique,ARPEE
Eglise protestante unie de Belgique,"Rue du Marabout, 71",6060 CHARLEROI ,CHARLEROI,6060,Eglise Protestante Unie de Belgique,ARPEE
Eglise protestante unie de Belgique,"Rue François Dewiest, 42",6040 CHARLEROI ,CHARLEROI,6040,Eglise Protestante Unie de Belgique,ARPEE
Eglise protestante unie de Belgique,"Rue de Beaumont, 206",6030 CHARLEROI ,CHARLEROI,6030,Eglise Protestante Unie de Belgique,ARPEE
Eglise protestante unie de Belgique,"Rue du Temple, 38",6001 CHARLEROI ,CHARLEROI,6001,Eglise Protestante Unie de Belgique,ARPEE
Eglise réformée de Ransart,"Rue Charbonnel, 121",6043 CHARLEROI ,CHARLEROI,6043,Eglise Protestante Unie de Belgique,ARPEE
Eglise protestante évangélique (Charleroi-Nord),"Rue Emile Vandervelde, 11",6000 CHARLEROI ,CHARLEROI,6000,Association des Églises Protestantes Évangéliques de Belgique,ARPEE
Eglise protestante évangélique,"Rue Emile Vandervelde, 13",6010 CHARLEROI ,CHARLEROI,6010,Association des Églises Protestantes Évangéliques de Belgique,ARPEE
Eglise protestante évangélique,"Rue des Cayats, 190",6001 CHARLEROI ,CHARLEROI,6001,Association des Églises Protestantes Évangéliques de Belgique,ARPEE
Eglise adventiste,"Rue Émile Vandervelde, 16",6040 CHARLEROI ,CHARLEROI,6040,Fédération des Eglises adventistes,ARPEE
Temple Evangélique Baptiste,"Rue de la Tombe, 110",6032 CHARLEROI ,CHARLEROI,6032,Union des Baptistes en Belgique,ARPEE
Diffusion de l'Evangile,"Rue de Mons, 106",6031 CHARLEROI ,CHARLEROI,6031,Union des Églises Évangéliques de Réveil,ARPEE
Église Évangelique de Reveil,"Rue Joseph Wauters, 15-17",6020 CHARLEROI ,CHARLEROI,6020,Assemblées de Dieu Francophones de Belgique,ARPEE
Eglise protestante évangélique,"Rue des Gaux, 19",6200 CHÂTELET ,CHÂTELET,6200,Association des Églises Protestantes Évangéliques de Belgique,ARPEE
Eglise apostolique,"Rue de la Station, 7",7950 CHIEVRES ,CHIEVRES,7950,Église Apostolique,ARPEE
Eglise protestante unie de Belgique,"Rue du Château, 8",6460 CHIMAY ,CHIMAY,6460,Eglise Protestante Unie de Belgique,ARPEE
Centre évangélique,"Rue du Centre, 46",5590 CINEY ,CINEY,5590,Assemblées de Dieu Francophones de Belgique,ARPEE
Assemblée protestante évangélique,"Rue des Frères Defuisseaux, 41",7340 COLFONTAINE ,COLFONTAINE,7340,Assemblées Protestantes Évangéliques de Belgique,ARPEE
Jours-Chrétiens,"Rue de la Louise, 15",7340 COLFONTAINE ,COLFONTAINE,7340,Concertation des Églises Indépendantes,ARPEE
Eglise Protestante Evangélique,"Rue des Brasseries, 3-5",7340 COLFONTAINE ,COLFONTAINE,7340,Concertation des Églises Indépendantes,ARPEE
Eglise apostolique,"Rue du Pont d'Arcole, 62",7340 COLFONTAINE ,COLFONTAINE,7340,Église Apostolique,ARPEE
Eglise protestante unie de Belgique,"Rue Jean-Baptiste Clément, 2",7340 COLFONTAINE ,COLFONTAINE,7340,Eglise Protestante Unie de Belgique,ARPEE
Eglise protestante unie de Belgique (Grand-Wasmes),"Rue Saint-Pierre, 31",7340 COLFONTAINE ,COLFONTAINE,7340,Eglise Protestante Unie de Belgique,ARPEE
Eglise protestante unie de Belgique (Petit-Wasmes),"Rue Pasteur L'Host, 1",7340 COLFONTAINE ,COLFONTAINE,7340,Eglise Protestante Unie de Belgique,ARPEE
Eglise protestante évangélique,"Pavé de Warquignies, 152",7340 COLFONTAINE ,COLFONTAINE,7340,Association des Églises Protestantes Évangéliques de Belgique,ARPEE
Eglise protestante unie de Belgique,"Rue de Wervicq, 111",7780 COMINES-WARNETON ,COMINES-WARNETON,7780,Eglise Protestante Unie de Belgique,ARPEE
Armée du Salut,"Rue Général de Gaulle, 145",6180 COURCELLES ,COURCELLES,6180,Armée du Salut,ARPEE
Assemblée Chrétienne,"Rue de Forrière, 321",6180 COURCELLES ,COURCELLES,6180,Concertation des Églises Indépendantes,ARPEE
Eglise protestante unie de Belgique,"Rue du Temple, 62",6180 COURCELLES ,COURCELLES,6180,Eglise Protestante Unie de Belgique,ARPEE
Baptistengemeente Brugge (Brugge Baptist Church),Bruggesteenweg 3,8430 DAMME ,DAMME,8430,Association des Baptistes indépendants,ARPEE
Adventkerk,Brouwerstraat 100,8660 DE PANNE ,DE PANNE,8660,Fédération des Eglises adventistes,ARPEE
Verenigde Protestantse Kerk in België,Brouwersstraat 100,8660 DE PANNE ,DE PANNE,8660,Eglise Protestante Unie de Belgique,ARPEE
Evangelische Kerk Eben-Haezer,Ambachtstraat 35,8660 DE PANNE ,DE PANNE,8660,Vrije Evangelische Gemeenten,ARPEE
Belgische Evangelische Zending,"O.C.M.W.-Dienstencentrum Elfdorpen, Ghesquièrestraat 15",9800 DEINZE ,DEINZE,9800,Mission Evangélique Belge,ARPEE
Verenigde Protestantse Kerk in België,Koningin Astridstraat 25,9470 DENDERLEEUW ,DENDERLEEUW,9470,Eglise Protestante Unie de Belgique,ARPEE
Adventkerk,Krekelhoek 9,9200 DENDERMONDE ,DENDERMONDE,9200,Fédération des Eglises adventistes,ARPEE
Verenigde Protestantse Kerk in België,Lindanusstraat 2,9200 DENDERMONDE ,DENDERMONDE,9200,Eglise Protestante Unie de Belgique,ARPEE
Vrije Evangelische Gemeente,Kempenstraat 70,3590 DIEPENBEEK ,DIEPENBEEK,3590,Vrije Evangelische Gemeenten,ARPEE
Christengemeente De Ark,"Diocesane Middenschool, Mariëndaalstraat 44",3290 DIEST ,DIEST,3290,Verbond van Vlaamse Pinkstergemeenten,ARPEE
Evangelische Kerk,Vredestraat 9 A,8600 DIKSMUIDE ,DIKSMUIDE,8600,Mission Evangélique Belge,ARPEE
Evangelische Christenen Dilbeek en omstreken,"Ontmoetingscentrum Westrand, lokaal 304, Kamerijklaan 1",1700 DILBEEK ,DILBEEK,1700,Vrije Evangelische Gemeenten,ARPEE
Levend Woord Maasland,Vlessersweg 54,3650 DILSEN-STOKKEM ,DILSEN-STOKKEM,3650,Overleg van Autonome Evangelische Gemeenten,ARPEE
Centre Evangélique,"Rue de Philippeville, 151",5500 DINANT ,DINANT,5500,Assemblées de Dieu Francophones de Belgique,ARPEE
Eglise protestante unie de Belgique,"Eglise Saint-Georges, Rue Gustave Poncelet, 20",5500 DINANT ,DINANT,5500,Eglise Protestante Unie de Belgique,ARPEE
Temple de Dour et des Hauts Pays,"Rue du Roi Albert, 56",7370 DOUR ,DOUR,7370,Eglise Protestante Unie de Belgique,ARPEE
Eglise protestante évangélique,"Rue de Boussu, 53",7370 DOUR ,DOUR,7370,Association des Églises Protestantes Évangéliques de Belgique,ARPEE
Eglise adventiste,"Rue de la Fontaine, 46 B",7370 DOUR ,DOUR,7370,Fédération des Eglises adventistes,ARPEE
Eglise protestante unie de Belgique,"Rue de la Haie, 33",7190 ECAUSSINNES ,ECAUSSINNES,7190,Eglise Protestante Unie de Belgique,ARPEE
Evangelische kerk De Ark,Zeelaan 22,9900 EEKLO ,EEKLO,9900,Evangelische Christengemeenten Vlaanderen,ARPEE
Eglise protestante évangélique,"Route de Cortil Wodon, 76",5310 EGHEZEE ,EGHEZEE,5310,Association des Églises Protestantes Évangéliques de Belgique,ARPEE
Eglise protestante unie de Belgique,Chapelle de la Dodane,7850 ENGHIEN ,ENGHIEN,7850,Eglise Protestante Unie de Belgique,ARPEE
Freie evangelische Gemeinde,Malmedyer Straße 25,4700 EUPEN ,EUPEN,4700,Mission Evangélique Belge,ARPEE
Friedenskirche,Klötzerbahn,4700 EUPEN ,EUPEN,4700,Eglise Protestante Unie de Belgique,ARPEE
Eglise protestante La Bonne Nouvelle,"Rue des Marais, 41",6240 FARCIENNES ,FARCIENNES,6240,Assemblées de Dieu Francophones de Belgique,ARPEE
Eglise protestante unie de Belgique,"Rue Carlo Hénin, 98",6240 FARCIENNES ,FARCIENNES,6240,Eglise Protestante Unie de Belgique,ARPEE
Eglise protestante unie de Belgique,"Rue de la Fontaine, 256",4400 FLEMALLE ,FLEMALLE,4400,Eglise Protestante Unie de Belgique,ARPEE
Assemblée Protestante Baptiste,"Rue Arsène Falla, 6",4621 FLERON ,FLERON,4621,Eglises en entente administrative avec l'EPUB,ARPEE
Centre évangélique Vie et Paix,"Rue Joseph Lefèbvre, 11",6220 FLEURUS ,FLEURUS,6220,Assemblées de Dieu Francophones de Belgique,ARPEE
La Nouvelle Jérusalem,"Rue de la Station, 62",6220 FLEURUS ,FLEURUS,6220,Église de Dieu en Belgique,ARPEE
Eglise protestante unie de Belgique,"Rue de Soulme, 100",5620 FLORENNES ,FLORENNES,5620,Eglise Protestante Unie de Belgique,ARPEE
Eglise Evangélique de Flavion,"Se renseigner chez Richard Libert, Rue Bourgmestre Octave Targez, 1",5600 PHILIPPEVILLE ,PHILIPPEVILLE,5600,Églises Mennonites,ARPEE
Armée du Salut,"Rue Emile Vandervelde, 83",6141 FONTAINE-L'EVÊQUE ,FONTAINE-L'EVÊQUE,6141,Armée du Salut,ARPEE
Assemblée de Dieu,"Rue Louis Delattre, 23",6140 FONTAINE-L'EVÊQUE ,FONTAINE-L'EVÊQUE,6140,Assemblées de Dieu Francophones de Belgique,ARPEE
Eglise protestante unie de Belgique,"Place Charles Brogniez, 22",6140 FONTAINE-L'EVÊQUE ,FONTAINE-L'EVÊQUE,6140,Eglise Protestante Unie de Belgique,ARPEE
Igreja Presbiteriana Renovada,"Rue Van Lint, 47 (1er étage)",1070 BRUSSEL-ANDERLECHT ,BRUSSEL-ANDERLECHT,1070,Onder de directe verantwoordelijkheid van de Uitvoerende Raad van de Federale Synode,ARPEE
Eglise protestante unie de Belgique,"Rue Joseph Dufrane, 15",7080 FRAMERIES ,FRAMERIES,7080,Eglise Protestante Unie de Belgique,ARPEE
Eglise protestante unie de Belgique,"Rue de la Régence, 1",7080 FRAMERIES ,FRAMERIES,7080,Eglise Protestante Unie de Belgique,ARPEE
Eglise Protestante Evangélique Christ Vie Nouvelle,"Salle La Fraternité, Terre à Cailloux, 38",7080 FRAMERIES ,FRAMERIES,7080,Union des Baptistes en Belgique,ARPEE
Eglise évangélique de Réveil,"Rue des Ecluses, 38",7080 FRAMERIES ,FRAMERIES,7080,Union des Églises Évangéliques de Réveil,ARPEE
Christelijk Centrum Levend Water,Holven 19,2440 GEEL ,GEEL,2440,Verbond van Vlaamse Pinkstergemeenten,ARPEE
Eglise évangélique de Pentecôte La Pierre Vivante,"Ciné Royal, Rue du Moulin, 55 B",5030 GEMBLOUX ,GEMBLOUX,5030,Assemblées de Dieu Francophones de Belgique,ARPEE
Eglise protestante unie de Belgique,"Rue Paul Tournay, 23",5030 GEMBLOUX ,GEMBLOUX,5030,Eglise Protestante Unie de Belgique,ARPEE
Assemblée chrétienne évangélique,"Rue de Charleroi, 17 A",1470 GENAPPE ,GENAPPE,1470,Concertation des Églises Indépendantes,ARPEE
Christengemeente Zwartberg,Arbeidsstraat 56,3600 GENK ,GENK,3600,Evangelische Christengemeenten Vlaanderen,ARPEE
Pinkstergemeente Elim,Flikbergstraat 79,3600 GENK ,GENK,3600,Verbond van Vlaamse Pinkstergemeenten,ARPEE
Protestantse Johanneskerk,Laatgoedstraat 60,3600 GENK ,GENK,3600,Eglise Protestante Unie de Belgique,ARPEE
Evangelische Gemeente Paulus,Evence Coppéelaan 31,3600 GENK ,GENK,3600,Vrije Evangelische Gemeenten,ARPEE
Eglise Mont Horeb,Ledebergplein 21,9050 GAND ,GAND,9050,Église de Dieu en Belgique,ARPEE
Evangelische Kerk Bourgoyen,Brugsesteenweg 325,9000 GAND ,GAND,9000,Evangelische Christengemeenten Vlaanderen,ARPEE
Adventkerk,Kortrijksepoortstraat 158,9000 GAND ,GAND,9000,Fédération des Eglises adventistes,ARPEE
Christelijke Gereformeerde Kerk - Evangelisch Centrum Rehobôth,Bij Sint-Jozef 5,9000 GAND ,GAND,9000,Gereformeerd Overleg Vlaanderen,ARPEE
Gereformeerd Kerkcentrum Kerk aan de Leie,Gordunakaai 28-30,9000 GAND ,GAND,9000,Gereformeerd Overleg Vlaanderen,ARPEE
Evangelische Gemeente De Rots,Vierweegsestraat 54,9032 GAND ,GAND,9032,Evangelische Christengemeenten Vlaanderen,ARPEE
Christelijke Gemeenschap Elim,Acaciastraat 2-4,9000 GAND ,GAND,9000,Verbond van Vlaamse Pinkstergemeenten,ARPEE
Vineyard Ganda (voorheen: Goed Nieuws Christengemeenschap),"OCMW-Cultuurkapel Sint-Vincent, Sint-Antoniuskaai 10-12",9000 GAND ,GAND,9000,Verbond van Vlaamse Pinkstergemeenten,ARPEE
Strong Tower Ministries,Harelbekestraat 64,9000 GAND ,GAND,9000,Verbond van Vlaamse Pinkstergemeenten,ARPEE
Tabernacle de Victoire,Harelbekestraat 64,9000 GAND ,GAND,9000,Verbond van Vlaamse Pinkstergemeenten,ARPEE
VPKB (Brabantdam),Sint-Kristoffelstraat 1,9000 GAND ,GAND,9000,Eglise Protestante Unie de Belgique,ARPEE
VPKB (Rabot),Begijnhoflaan 31,9000 GAND ,GAND,9000,Eglise Protestante Unie de Belgique,ARPEE
Evangelische kerk De Bron,Nederzwijnaarde 23,9052 GAND ,GAND,9052,Vrije Evangelische Gemeenten,ARPEE
Vrije Evangelische Gemeente De Burg,Burgstraat 13,9000 GAND ,GAND,9000,Vrije Evangelische Gemeenten,ARPEE
Verenigde Protestantse Kerk in België,Adamstraat 26-28,9500 GRAMMONT ,GRAMMONT,9500,Eglise Protestante Unie de Belgique,ARPEE
Evangelisch Centrum De Levensbron,Boelarestraat 52,9500 GRAMMONT ,GRAMMONT,9500,Vrije Evangelische Gemeenten,ARPEE
Evangelische Gemeenschap Gistel,Koolaardstraat 20 B,8470 GISTEL ,GISTEL,8470,Mission Evangélique Belge,ARPEE
Eglise Protestante Baptiste Bethel,"Rue Simon Paque, 23-25",4460 GRACE-HOLLOGNE ,GRACE-HOLLOGNE,4460,Union des Baptistes en Belgique,ARPEE
Centre liégeois d'Evangélisation,"Rue Grégoire Chapuis, 43",4460 GRACE-HOLLOGNE ,GRACE-HOLLOGNE,4460,Union des Églises Évangéliques de Réveil,ARPEE
Christengemeente Emmanuel,Markt 10,3150 HAACHT ,HAACHT,3150,Verbond van Vlaamse Pinkstergemeenten,ARPEE
Evangelische Gemeente Halle en Omstreken,Rodenemweg 165,1500 HAL ,HAL,1500,Vrije Evangelische Gemeenten,ARPEE
Evangelische Christengemeente Vlaanderen,Roerdompstraat 6,3945 HAM ,HAM,3945,Evangelische Christengemeenten Vlaanderen,ARPEE
Nouvelle Cité Charismatique Ministries,"Square de l'Aviation, 15 (2ème étage)",1070 BRUSSEL-ANDERLECHT ,BRUSSEL-ANDERLECHT,1070,Réseau Antioche,ARPEE
Christelijk Centrum Hamont,Transistorstraat 1,3930 HAMONT-ACHEL ,HAMONT-ACHEL,3930,Verbond van Vlaamse Pinkstergemeenten,ARPEE
La Nouvelle Jérusalem,Veldstraat 60,3500 HASSELT ,HASSELT,3500,Église de Dieu en Belgique,ARPEE
Adventkerk,Genkersteenweg 26,3500 HASSELT ,HASSELT,3500,Fédération des Eglises adventistes,ARPEE
Verenigde Protestantse Kerk in België,Kuringersteenweg 81,3500 HASSELT ,HASSELT,3500,Eglise Protestante Unie de Belgique,ARPEE
Evangelische Gemeente De Zaaier,Runkstersteenweg 303 - hoek Fazantenstraat,3500 HASSELT ,HASSELT,3500,Vrije Evangelische Gemeenten,ARPEE
Evangelische Kerk,Sint-Bernardsesteenweg 30,2620 HEMIKSEM ,HEMIKSEM,2620,Vrije Evangelische Gemeenten,ARPEE
Eglise protestante baptiste Le Saron,Rue Ulens 55,1080 BRUSSEL-SINT-JANS-MOLENBEEK ,BRUSSEL-SINT-JANS-MOLENBEEK,1080,Union des Baptistes en Belgique,ARPEE
Evangelisch Centrum Levende Hoop,Markgravenstraat 82,2200 HERENTALS ,HERENTALS,2200,Vrije Evangelische Gemeenten,ARPEE
Eglise protestante unie de Belgique,"Rue du Temple, 15",4040 HERSTAL ,HERSTAL,4040,Eglise Protestante Unie de Belgique,ARPEE
Mission évangélique belge,"Rue Nadet, 19",4040 HERSTAL ,HERSTAL,4040,Mission Evangélique Belge,ARPEE
Belgische Evangelische Zending,Karel Boomstraat 44,2320 HOOGSTRATEN ,HOOGSTRATEN,2320,Mission Evangélique Belge,ARPEE
Verenigde Protestantse Kerk in België,Korsele 39,9667 HOREBEKE ,HOREBEKE,9667,Eglise Protestante Unie de Belgique,ARPEE
Evangelische Christengemeente Vlaanderen,Guldensporenlaan 24 B,3530 HOUTHALEN-HELCHTEREN ,HOUTHALEN-HELCHTEREN,3530,Evangelische Christengemeenten Vlaanderen,ARPEE
Vrije Evangelische Gemeente Immanuel,Seringenstraat 4-6,3530 HOUTHALEN-HELCHTEREN ,HOUTHALEN-HELCHTEREN,3530,Vrije Evangelische Gemeenten,ARPEE
La Nouvelle Jérusalem,"Rue de Statte, 9",4500 HUY ,HUY,4500,Église de Dieu en Belgique,ARPEE
Eglise protestante évangélique,"Avenue Albert 1er, 21",4500 HUY ,HUY,4500,Association des Églises Protestantes Évangéliques de Belgique,ARPEE
Vrije Evangelische Gemeente Marcus,Schoolstraat 40 B,8480 ICHTEGEM ,ICHTEGEM,8480,Vrije Evangelische Gemeenten,ARPEE
Evangelische Kerk De Hoeksteen,Potyzestraat 69,8900 YPRES ,YPRES,8900,Evangelische Christengemeenten Vlaanderen,ARPEE
Adventkerk,Beluikstraat 19,8900 YPRES ,YPRES,8900,Fédération des Eglises adventistes,ARPEE
Christengemeente Peniël,Boezingsestraat 103,8906 YPRES ,YPRES,8906,Overleg van Autonome Evangelische Gemeenten,ARPEE
Christian Center Emmanuel,Sint-Catharinastraat 1,8900 YPRES ,YPRES,8900,Verbond van Vlaamse Pinkstergemeenten,ARPEE
Verenigde Protestantse Kerk in België,Beluikstraat 19,8900 YPRES ,YPRES,8900,Eglise Protestante Unie de Belgique,ARPEE
Eglise Internationale de Jodoigne,"Salle Porte ouverte, Rue Saint-Médard, 54",1370 JODOIGNE ,JODOIGNE,1370,Union des Églises Évangéliques de Réveil,ARPEE
Eglise protestante unie de Belgique,"Rue du Temple, 13",7050 JURBISE ,JURBISE,7050,Eglise Protestante Unie de Belgique,ARPEE
First Baptist Church,"Chemin du Prince, 284",7050 JURBISE ,JURBISE,7050,Eglises en entente administrative avec l'EPUB,ARPEE
Evangelische Gemeente Kalmthout,"p/a Daniel Van de Velde, Putsesteenweg 70",2920 KALMTHOUT ,KALMTHOUT,2920,Verbond van Vlaamse Pinkstergemeenten,ARPEE
Johanneskirche,Hasardstrasse 8,4721 LA CALAMINE ,LA CALAMINE,4721,Eglise Protestante Unie de Belgique,ARPEE
Protestantse gemeente De Hoeksteen,Zoutelaan 84,8300 KNOKKE-HEIST ,KNOKKE-HEIST,8300,Eglise Protestante Unie de Belgique,ARPEE
Evangelische Gemeente Knokke-Heist,"CM-gebouw, Hermans-Lybaertstraat 39",8301 KNOKKE-HEIST ,KNOKKE-HEIST,8301,Vrije Evangelische Gemeenten,ARPEE
Vrije Evangelische Gemeente van Koekelare,Bisschophoekstraat 31,8680 KOEKELARE ,KOEKELARE,8680,Vrije Evangelische Gemeenten,ARPEE
Evangelische Kerk,"Cultureel Centrum Mozaïek, Kerkplein 14",3720 KORTESSEM ,KORTESSEM,3720,Mission Evangélique Belge,ARPEE
Adventkerk,"Oud Gemeentehuis, Heulsekasteelstraat 1",8501 COURTRAI ,COURTRAI,8501,Fédération des Eglises adventistes,ARPEE
Christengemeente Ichthus,Brugsesteenweg 259,8500 COURTRAI ,COURTRAI,8500,Verbond van Vlaamse Pinkstergemeenten,ARPEE
Jezus Levend Water voor alle natiën,Sint-Denijsestraat 208 A,8500 COURTRAI ,COURTRAI,8500,Overleg van Autonome Evangelische Gemeenten,ARPEE
Verenigde Protestantse Kerk in België,Bloemistenstraat 2 A,8500 COURTRAI ,COURTRAI,8500,Eglise Protestante Unie de Belgique,ARPEE
Evangelische Kerk De Pottenbakker,Meensestraat 83,8500 COURTRAI ,COURTRAI,8500,Vrije Evangelische Gemeenten,ARPEE
Evangelische Christengemeente Vlaanderen,Kattestraat 27,8520 KUURNE ,KUURNE,8520,Evangelische Christengemeenten Vlaanderen,ARPEE
Centre Evangélique Protestant,"Rue Florentine Joos-Lambert, 23",7110 LA LOUVIÈRE ,LA LOUVIÈRE,7110,Concertation des Églises Indépendantes,ARPEE
Presbyterian Church of Ghana,Zandpoortvest 27,2800 MECHELEN ,MECHELEN,2800,Eglises affilié à l'EPUB,ARPEE
La Nouvelle Jérusalem,"Rue du Thiriau du Luc, 10",7100 LA LOUVIÈRE ,LA LOUVIÈRE,7100,Église de Dieu en Belgique,ARPEE
Eglise protestante unie de Belgique,"Rue Henri Aubry, 19",7100 LA LOUVIÈRE ,LA LOUVIÈRE,7100,Eglise Protestante Unie de Belgique,ARPEE
Eglise protestante unie de Belgique,"Rue du Temple, 29-31",7100 LA LOUVIÈRE ,LA LOUVIÈRE,7100,Eglise Protestante Unie de Belgique,ARPEE
Eglise protestante évangélique,"Rue Anatole France, 3-5",7100 LA LOUVIÈRE ,LA LOUVIÈRE,7100,Association des Églises Protestantes Évangéliques de Belgique,ARPEE
Eglise adventiste,"Chaussée Paul Houtart, 10",7110 LA LOUVIÈRE ,LA LOUVIÈRE,7110,Fédération des Eglises adventistes,ARPEE
Eglise Baptiste,"Rue Saint-Alexandre, 38",7100 LA LOUVIÈRE ,LA LOUVIÈRE,7100,Union des Baptistes en Belgique,ARPEE
Gemeente van Christus,"Residentie Capricornus, Steenweg 243",3620 LANAKEN ,LANAKEN,3620,Overleg van Autonome Evangelische Gemeenten,ARPEE
Evangelische Baptistengemeente De Bron,Kerkstraat 19,3400 LANDEN ,LANDEN,3400,Union des Baptistes en Belgique,ARPEE
Protestants-Evangelische kerk,Hannuitsesteenweg 76,3400 LANDEN ,LANDEN,3400,Eglises affilié à l'EPUB,ARPEE
Assemblée protestante évangélique,"Place de Ransbeck, 8",1380 LASNE ,LASNE,1380,Assemblées Protestantes Évangéliques de Belgique,ARPEE
Assemblée protestante évangélique,"Chemin de Chièvres, 37 B",7860 LESSINES ,LESSINES,7860,Assemblées Protestantes Évangéliques de Belgique,ARPEE
La Nouvelle Jérusalem,Tiensesteenweg 388,3000 LOUVAIN ,LOUVAIN,3000,Église de Dieu en Belgique,ARPEE
Gods Ambassade,Bergstraat 156,3010 LOUVAIN ,LOUVAIN,3010,Overleg van Autonome Evangelische Gemeenten,ARPEE
International Church of Evangelicals Leuven (ICEL),"Pauscollege, Hogeschoolplein 3",3000 LOUVAIN ,LOUVAIN,3000,Overleg van Autonome Evangelische Gemeenten,ARPEE
Christ Centered Church,"Alma 3, Zaal De Koelisse",3001 LOUVAIN ,LOUVAIN,3001,Verbond van Vlaamse Pinkstergemeenten,ARPEE
"Christengemeente ""Focus on Christ""",Andreas Vesaliusstraat 2,3000 LOUVAIN ,LOUVAIN,3000,Verbond van Vlaamse Pinkstergemeenten,ARPEE
Igreja Pentecostal Deus é Fiel,Van Arteveldestraat 7,2060 ANTWERPEN ,ANTWERPEN,2060,Verbond van Vlaamse Pinkstergemeenten,ARPEE
Verenigde Protestantse Kerk in België,Matadilaan 6,3001 LOUVAIN ,LOUVAIN,3001,Eglise Protestante Unie de Belgique,ARPEE
Evangelische Gemeente Leuven,Sint-Jansbergsesteenweg 97,3001 LOUVAIN ,LOUVAIN,3001,Vrije Evangelische Gemeenten,ARPEE
Mission évangélique belge,"Rue de la Cité, 1A",6800 LIBRAMONT-CHEVIGNY ,LIBRAMONT-CHEVIGNY,6800,Mission Evangélique Belge,ARPEE
Armée du Salut,"Quai Bonaparte, 6",4020 LIEGE ,LIEGE,4020,Armée du Salut,ARPEE
Assemblée de Dieu - Eglise Nouvel Impact,"Rue Saint-Hubert, 3",4000 LIEGE ,LIEGE,4000,Assemblées de Dieu Francophones de Belgique,ARPEE
Eglise Belgo-slave,"Rue Lambert-le-Bègue, 6-8",4000 LIEGE ,LIEGE,4000,Assemblées de Dieu Francophones de Belgique,ARPEE
Eglise Chrétienne Evangélique de Liège,"Rue Louis Jamme, 51",4020 LIEGE ,LIEGE,4020,Concertation des Églises Indépendantes,ARPEE
Eglise évangélique arménienne,"Eglise de Saint-Pierre et Paul, Rue Ernest Marneffe",4020 LIEGE ,LIEGE,4020,Concertation des Églises Indépendantes,ARPEE
La Nouvelle Jérusalem,"Rue Winston Churchill, 369",4000 LIEGE ,LIEGE,4000,Église de Dieu en Belgique,ARPEE
Deutschsprachige evangelische Gemeinde,"Quai Godefroid-Kurth, 1",4000 LIEGE ,LIEGE,4000,Eglises affilié à l'EPUB,ARPEE
Eglise protestante unie de Belgique (Marcellis),"Quai Marcellis, 22",4020 LIEGE ,LIEGE,4020,Eglise Protestante Unie de Belgique,ARPEE
Eglise protestante unie de Belgique (Lambert-le-Bègue),"Rue Lambert-le-Bègue, 6-8",4000 LIEGE ,LIEGE,4000,Eglise Protestante Unie de Belgique,ARPEE
Eglise protestante unie de Belgique (Rédemption),"Quai Godefroid-Kurth, 1",4020 LIEGE ,LIEGE,4020,Eglise Protestante Unie de Belgique,ARPEE
Eglise protestante évangélique,"Rue des Croisiers, 12",4000 LIEGE ,LIEGE,4000,Association des Églises Protestantes Évangéliques de Belgique,ARPEE
Eglise adventiste,"Boulevard Frère Orban, 29",4000 LIEGE ,LIEGE,4000,Fédération des Eglises adventistes,ARPEE
Assemblée Protestante Baptiste,"Rue d'Amercoeur, 43",4020 LIEGE ,LIEGE,4020,Union des Baptistes en Belgique,ARPEE
Eglise baptiste italienne La Parole de la Grâce,"Rue Grétry, 97",4020 LIEGE ,LIEGE,4020,Eglises en entente administrative avec l'EPUB,ARPEE
Eglise Protestante Baptiste de Liège Académie,"Rue de l'Académie, 51",4000 LIEGE ,LIEGE,4000,Eglises en entente administrative avec l'EPUB,ARPEE
Eglise Protestante Baptiste de Glain,"Rue Félix Vandersnoeck, 34",4000 LIEGE ,LIEGE,4000,Eglises en entente administrative avec l'EPUB,ARPEE
Pinkstergemeente Jezus Leeft,Leopoldplein 24,2500 LIERRE ,LIERRE,2500,Verbond van Vlaamse Pinkstergemeenten,ARPEE
Evangelisch Centrum De Brug,Kouter 30,9160 LOKEREN ,LOKEREN,9160,Vrije Evangelische Gemeenten,ARPEE
Christengemeente,Meerstraat 36/1,1840 LONDERZEEL ,LONDERZEEL,1840,Verbond van Vlaamse Pinkstergemeenten,ARPEE
Christengemeente,Ringlaan 410,3630 MAASMECHELEN ,MAASMECHELEN,3630,Verbond van Vlaamse Pinkstergemeenten,ARPEE
Heartbeat Church,Bedrijfsgebouwen Stillemans - Jan Tieboutstraat 21,1730 ASSE ,ASSE,1730,Verbond van Vlaamse Pinkstergemeenten,ARPEE
Evangelische Christengemeente Vlaanderen,Karrewegel 47,9990 MALDEGEM ,MALDEGEM,9990,Evangelische Christengemeenten Vlaanderen,ARPEE
Eglise de Dieu,Rue Monbijou 43 c,4960 MALMEDY ,MALMEDY,4960,Église de Dieu en Belgique,ARPEE
Eglise Protestante Baptiste,"Rue de la Warchenne, 62",4960 MALMEDY ,MALMEDY,4960,Eglises en entente administrative avec l'EPUB,ARPEE
Vereinigte protestantische Kirche in Belgien,"Rue Abbé Péters, 42",4960 MALMEDY ,MALMEDY,4960,Eglise Protestante Unie de Belgique,ARPEE
Eglise Evangélique Sentinelle,"Rue Théophile Massart, 19",7170 MANAGE ,MANAGE,7170,Concertation des Églises Indépendantes,ARPEE
Communauté Chrétienne de la Famenne,"Salle « Les échos de la Wamme », Rue Félix Lefèvre, 7",6900 MARCHE-EN-FAMENNE ,MARCHE-EN-FAMENNE,6900,Union des Églises Évangéliques de Réveil,ARPEE
Eglise protestante baptiste,"Rue de l'Académie, 51",4000 LIEGE ,LIEGE,4000,Eglises en entente administrative avec l'EPUB,ARPEE
Adventkerk,Wagonstraat 20,2800 MECHELEN ,MECHELEN,2800,Fédération des Eglises adventistes,ARPEE
Christengemeenschap 't Lichtpunt,Lakenmakersstraat 233,2800 MECHELEN ,MECHELEN,2800,Overleg van Autonome Evangelische Gemeenten,ARPEE
LEEF! Mechelen,Stuivenbergbaan 137,2800 MECHELEN ,MECHELEN,2800,Verbond van Vlaamse Pinkstergemeenten,ARPEE
VPKB (Mechelen-Noord),Keizerstraat 26-28,2800 MECHELEN ,MECHELEN,2800,Eglise Protestante Unie de Belgique,ARPEE
PKB (Mechelen-Zuid),Zandpoortvest 27,2800 MECHELEN ,MECHELEN,2800,Eglise Protestante Unie de Belgique,ARPEE
Evangelische Christengemeente Vlaanderen,"Buurthuis Wijshagen, Dennenstraat 35",3670 MEEUWEN-GRUITRODE ,MEEUWEN-GRUITRODE,3670,Evangelische Christengemeenten Vlaanderen,ARPEE
Evangelische Kerk De Rank,Vrouwstraat 12,8940 GELUWE ,GELUWE,8940,Evangelische Christengemeenten Vlaanderen,ARPEE
Verenigde Protestantse Kerk in België,Stationsstraat 86,8930 MENIN ,MENIN,8930,Eglise Protestante Unie de Belgique,ARPEE
Movimento Missionário Jesus a Única Esperança (MMJUE),Statiestraat 158,2600 ANTWERPEN ,ANTWERPEN,2600,Verbond van Vlaamse Pinkstergemeenten,ARPEE
Nehemia Ministries - Levend Water,"De Vierhoekhoeve, Brielstraat 71",9860 OOSTERZELE ,OOSTERZELE,9860,Verbond van Vlaamse Pinkstergemeenten,ARPEE
Protestantse Baptistenkerk Bethel,Dorpsplein 40,8434 MIDDELKERKE ,MIDDELKERKE,8434,Union des Baptistes en Belgique,ARPEE
Christelijk Centrum De Regenboog,"Parochiecentrum, Kapellestraat 90",2400 MOL ,MOL,2400,Verbond van Vlaamse Pinkstergemeenten,ARPEE
Deutschsprachige evangelische Gemeinde in der Provinz Antwerpen (DEGPA),"Kapel van de Sint-Odradakerk, Lindeplein 2",2400 MOL ,MOL,2400,Eglises affilié à l'EPUB,ARPEE
Centre Evangélique Viens et Vois,"Rue David, 1",7012 MONS ,MONS,7012,Assemblées de Dieu Francophones de Belgique,ARPEE
Eglise évangélique protestante Chrétiens en Action,"Rue du Delta, 3",7000 MONS ,MONS,7000,Concertation des Églises Indépendantes,ARPEE
Eglise Evangélique Protestante,"Chemin de la Procession, 235",7000 MONS ,MONS,7000,Concertation des Églises Indépendantes,ARPEE
Korean Mission Church,Chapel Center S.H.A.P.E.,7010 MONS ,MONS,7010,Concertation des Églises Indépendantes,ARPEE
Communauté chrétienne de Jemappes,"Rue des Veuves, 1",7012 MONS ,MONS,7012,Concertation des Églises Indépendantes,ARPEE
La Nouvelle Jérusalem,"Rue du Delta, 3",7000 MONS ,MONS,7000,Église de Dieu en Belgique,ARPEE
Eglise protestante unie de Belgique,"Rue du Cerisier, 2",7033 MONS ,MONS,7033,Eglise Protestante Unie de Belgique,ARPEE
Eglise protestante unie de Belgique,"Rue du Temple, 8",7011 MONS ,MONS,7011,Eglise Protestante Unie de Belgique,ARPEE
Eglise protestante unie de Belgique,"Avenue du Maréchal Foch, 826",7012 MONS ,MONS,7012,Eglise Protestante Unie de Belgique,ARPEE
Eglise protestante unie de Belgique,"Boulevard Dolez, 17",7000 MONS ,MONS,7000,Eglise Protestante Unie de Belgique,ARPEE
Assemblée chrétienne évangélique,Rue des Ecoliers,7000 MONS ,MONS,7000,Eglises en entente administrative avec l'EPUB,ARPEE
Eglise Protestante Baptiste La Colombe,"Chaussée du Roeulx, 34",7000 MONS ,MONS,7000,Union des Baptistes en Belgique,ARPEE
Centre Vie Nouvelle,"Quai des Otages, 1 (lieu dit : Pont-Canal)",7000 MONS ,MONS,7000,Union des Églises Évangéliques de Réveil,ARPEE
Assemblée protestante évangélique,"Rue Emile Vandervelde, 30",6110 MONTIGNY-LE-TILLEUL ,MONTIGNY-LE-TILLEUL,6110,Assemblées Protestantes Évangéliques de Belgique,ARPEE
Assemblée protestante évangélique,"Rue Ernest Solvay, 113",7141 MORLANWELZ ,MORLANWELZ,7141,Assemblées Protestantes Évangéliques de Belgique,ARPEE
Christengemeente,Hendrik Kuijpersstraat 60,2640 MORTSEL ,MORTSEL,2640,Verbond van Vlaamse Pinkstergemeenten,ARPEE
Volle Evangelie Gemeente,Eggestraat 27,2640 MORTSEL ,MORTSEL,2640,Verbond van Vlaamse Pinkstergemeenten,ARPEE
Zigeunerzending Leven en Licht,Gasthuishoeven,2640 MORTSEL ,MORTSEL,2640,Mission Tzigane Vie et Lumière,ARPEE
Eglise protestante évangélique,"Avenue Jean Jaurès, 126-128",7700 MOUSCRON ,MOUSCRON,7700,Association des Églises Protestantes Évangéliques de Belgique,ARPEE
Eglise adventiste,"Rue de Menin, 48",7700 MOUSCRON ,MOUSCRON,7700,Fédération des Eglises adventistes,ARPEE
Eglise Protestante évangélique charismatique Centre Vie Chrétienne,"Rue de Roubaix, 98",7700 MOUSCRON ,MOUSCRON,7700,Union des Églises Évangéliques de Réveil,ARPEE
Assemblée protestante évangélique,"Rue de Fernelmont, 52",5020 NAMUR ,NAMUR,5020,Assemblées Protestantes Évangéliques de Belgique,ARPEE
Eglise Evangélique Baptiste,"Rue de Dave, 26",5100 NAMUR ,NAMUR,5100,Association des Baptistes indépendants,ARPEE
emple Protestant Evangélique du Namurois,"Rue Denis-Georges Bayar, 50",5000 NAMUR ,NAMUR,5000,Concertation des Églises Indépendantes,ARPEE
La Nouvelle Jérusalem,"Rue Marie-Henriette, 37",5000 NAMUR ,NAMUR,5000,Église de Dieu en Belgique,ARPEE
Eglise protestante unie de Belgique,"Boulevard d'Herbatte, 33",5000 NAMUR ,NAMUR,5000,Eglise Protestante Unie de Belgique,ARPEE
Eglise adventiste,"Rue Haut de Bomel, 1",5003 NAMUR ,NAMUR,5003,Fédération des Eglises adventistes,ARPEE
Eglise Protestante Baptiste La Colombe,"Rue Léopold De Hulster, 67 A",5002 NAMUR ,NAMUR,5002,Union des Baptistes en Belgique,ARPEE
Belgische Evangelische Zending,"Sint-Tarcisiusinstituut, Predikherenstraat 1 B",3440 LÉAU ,LÉAU,3440,Mission Evangélique Belge,ARPEE
Christengemeente,Rector De Ramstraat 14,2560 NIJLEN ,NIJLEN,2560,Verbond van Vlaamse Pinkstergemeenten,ARPEE
Eglise Evangélique Assemblée de Dieu,"Rue de Namur, 176",1400 NIVELLES ,NIVELLES,1400,Assemblées de Dieu Francophones de Belgique,ARPEE
La Nouvelle Jérusalem,"Boulevard des Archers, 12",1400 NIVELLES ,NIVELLES,1400,Onder de directe verantwoordelijkheid van de Uitvoerende Raad van de Federale Synode,ARPEE
Eglise protestante unie de Belgique,"Boulevard des Archers, 63",1400 NIVELLES ,NIVELLES,1400,Eglise Protestante Unie de Belgique,ARPEE
Eglise adventiste,"Boulevard des Archers, 63",1400 NIVELLES ,NIVELLES,1400,Fédération des Eglises adventistes,ARPEE
Adventkerk,Nijverheidsstraat 98,8400 OSTENDE ,OSTENDE,8400,Fédération des Eglises adventistes,ARPEE
Evangelical Christian Fellowship,Overvloedstraat 2,8400 OSTENDE ,OSTENDE,8400,Free Methodist Church,ARPEE
Pinkstergemeente De Bron,Bronstraat 8,8400 OSTENDE ,OSTENDE,8400,Verbond van Vlaamse Pinkstergemeenten,ARPEE
Verenigde Protestantse Kerk in België,Velodroomstraat 26-28,8400 OSTENDE ,OSTENDE,8400,Eglise Protestante Unie de Belgique,ARPEE
Evangelische Kerk,Stuiverstraat 196,8400 OSTENDE ,OSTENDE,8400,Vrije Evangelische Gemeenten,ARPEE
Evangelische Kerk,Leegstraat 208,8780 OOSTROZEBEKE ,OOSTROZEBEKE,8780,Vrije Evangelische Gemeenten,ARPEE
Eglise protestante unie de Belgique,"Chapelle des Bruyères, Avenue de la Palette, 11/003",1348 OTTIGNIES-LOUVAIN-LA-NEUVE ,OTTIGNIES-LOUVAIN-LA-NEUVE,1348,Eglise Protestante Unie de Belgique,ARPEE
Eglise protestante évangélique,"Rue des Fusillés, 37",1340 OTTIGNIES-LOUVAIN-LA-NEUVE ,OTTIGNIES-LOUVAIN-LA-NEUVE,1340,Association des Églises Protestantes Évangéliques de Belgique,ARPEE
Eglise Protestante Baptiste,"Rue des Sports, 2",1348 OTTIGNIES-LOUVAIN-LA-NEUVE ,OTTIGNIES-LOUVAIN-LA-NEUVE,1348,Union des Baptistes en Belgique,ARPEE
Christelijke Gemeenschap Oudenaarde,Blekerijstraat 15,9700 AUDENARDE ,AUDENARDE,9700,Vrije Evangelische Gemeenten,ARPEE
Protestantse Gemeente 'W.O.T.O.',"Kapel Zavelenborre, Frans Verbeekstraat 158 A",3090 OVERIJSE ,OVERIJSE,3090,Eglise Protestante Unie de Belgique,ARPEE
Evangelische Christengemeente Vlaanderen,"Cultureel Centrum Palethe, Jeugdlaan 2",3900 OVERPELT ,OVERPELT,3900,Evangelische Christengemeenten Vlaanderen,ARPEE
Evangelische Christengemeente Vlaanderen,"Cultureel Centrum 't Poorthuis, Zuidervest 2 A",3990 POIRE ,POIRE,3990,Evangelische Christengemeenten Vlaanderen,ARPEE
Evangelische Christengemeente Vlaanderen,Achterstraat 108,3990 POIRE ,POIRE,3990,Evangelische Christengemeenten Vlaanderen,ARPEE
Eglise Protestante Baptiste,"Boulevard Léopold III, 90",7600 PERUWELZ ,PERUWELZ,7600,Union des Baptistes en Belgique,ARPEE
Mission évangélique belge,"Rue de Neuville, 33",6340 PHILIPPEVILLE ,PHILIPPEVILLE,6340,Mission Evangélique Belge,ARPEE
Temple Evangélique,"Rue Objou, 10 A",6230 PONT-A-CELLES ,PONT-A-CELLES,6230,Concertation des Églises Indépendantes,ARPEE
Evangelische Kerk,Grote Markt 35,8970 POPERINGE ,POPERINGE,8970,Vrije Evangelische Gemeenten,ARPEE
Armée du Salut,"Rue de Monsville, 47",7390 QUAREGNON ,QUAREGNON,7390,Armée du Salut,ARPEE
Eglise Evangélique de Pentecôte La Bonne Nouvelle,"Rue de Picquery, 110",7390 QUAREGNON ,QUAREGNON,7390,Assemblées de Dieu Francophones de Belgique,ARPEE
Eglise protestante unie de Belgique,"Rue Paul Pastur, 100",7390 QUAREGNON ,QUAREGNON,7390,Eglise Protestante Unie de Belgique,ARPEE
Eglise protestante évangélique,"Rue de la Gare, 5",7380 QUIEVRAIN ,QUIEVRAIN,7380,Association des Églises Protestantes Évangéliques de Belgique,ARPEE
Communauté chrétienne l'Eau Vive,"Rue de Valenciennes, 28",7380 QUIEVRAIN ,QUIEVRAIN,7380,Réseau Antioche,ARPEE
Adventkerk,Laarstraat 25,2520 RANST ,RANST,2520,Fédération des Eglises adventistes,ARPEE
Assemblée protestante évangélique,"Rue du Bois Pirart, 127",1332 RIXENSART ,RIXENSART,1332,Assemblées Protestantes Évangéliques de Belgique,ARPEE
Eglise protestante unie de Belgique,"Rue Haute, 26 A",1330 RIXENSART ,RIXENSART,1330,Eglise Protestante Unie de Belgique,ARPEE
House Church,"Avenue Gevaert, 254",1332 RIXENSART ,RIXENSART,1332,Réseau Antioche,ARPEE
Association des Baptistes Indépendants - Eglise Baptiste Biblique,"Avenue de Merode, 2",1330 RIXENSART ,RIXENSART,1330,Association des Baptistes indépendants,ARPEE
Eglise protestante évangélique,"Avenue de Ninove, 152",5580 ROCHEFORT ,ROCHEFORT,5580,Association des Églises Protestantes Évangéliques de Belgique,ARPEE
Evangelische Kerk,Henri Horriestraat 38,8800 ROULERS ,ROULERS,8800,Evangelische Christengemeenten Vlaanderen,ARPEE
Pinkstergemeente De Roepstem,Bollenstraat 21 B,8800 ROULERS ,ROULERS,8800,Verbond van Vlaamse Pinkstergemeenten,ARPEE
Verenigde Protestantse Kerk in België,Jan Mahieustraat 21,8800 ROULERS ,ROULERS,8800,Eglise Protestante Unie de Belgique,ARPEE
Praise Center,Politiekegevangenenstraat 31,9600 RENAIX ,RENAIX,9600,Concertation des Églises Indépendantes,ARPEE
Protestantse Kerk Ronse - Hemelvaartskerk,Bredestraat 82,9600 RENAIX ,RENAIX,9600,Eglise Protestante Unie de Belgique,ARPEE
Eglise protestante unie de Belgique,Rue du Temple s/n,7618 RUMES ,RUMES,7618,Eglise Protestante Unie de Belgique,ARPEE
Eglise protestante évangélique,"Rue Basse Marquet, 72",4470 SAINT-GEORGES-SUR-MEUSE ,SAINT-GEORGES-SUR-MEUSE,4470,Association des Églises Protestantes Évangéliques de Belgique,ARPEE
Eglise protestante unie de Belgique,"Rue des Juifs, 124",7331 SAINT-GHISLAIN ,SAINT-GHISLAIN,7331,Eglise Protestante Unie de Belgique,ARPEE
Eglise protestante unie de Belgique,"Rue du Port, 38",7330 SAINT-GHISLAIN ,SAINT-GHISLAIN,7330,Eglise Protestante Unie de Belgique,ARPEE
Eglise protestante évangélique,"Avenue du Cimetière, 19",5060 SAMBREVILLE ,SAMBREVILLE,5060,Association des Églises Protestantes Évangéliques de Belgique,ARPEE
Freie evangelische Gemeinde,Malmedyer Straße 97 A,4780 SAINT VITH ,SAINT VITH,4780,Vrije Evangelische Gemeenten,ARPEE
Armée du Salut,"Rue du Canal, 15",4100 SERAING ,SERAING,4100,Armée du Salut,ARPEE
La Nouvelle Jérusalem,"Rue Gustave Baivy, 139",4101 SERAING ,SERAING,4101,Église de Dieu en Belgique,ARPEE
Eglise protestante unie de Belgique (Seraing-Centre),"Rue Ferrer, 100",4100 SERAING ,SERAING,4100,Eglise Protestante Unie de Belgique,ARPEE
Eglise protestante unie de Belgique (Seraing-Haut),"Rue du Chêne, 384",4100 SERAING ,SERAING,4100,Eglise Protestante Unie de Belgique,ARPEE
Chapelle Protestante Baptiste,"Rue de Montegnée, 40-42",4101 SERAING ,SERAING,4101,Eglises en entente administrative avec l'EPUB,ARPEE
Christian Center,Steenweg op Waterloo 47,1640 RHODE-SAINT-GENÈSE ,RHODE-SAINT-GENÈSE,1640,Verbond van Vlaamse Pinkstergemeenten,ARPEE
La Nouvelle Jérusalem,Antwerpsesteenweg 98 B,9100 SAINT-NICOLAS ,SAINT-NICOLAS,9100,Église de Dieu en Belgique,ARPEE
Christengemeente De Regenboog,Kokkelbeekstraat 57,9100 SAINT-NICOLAS ,SAINT-NICOLAS,9100,Verbond van Vlaamse Pinkstergemeenten,ARPEE
Vrije Evangelische Gemeente,Stationsstraat 27,9100 SAINT-NICOLAS ,SAINT-NICOLAS,9100,Vrije Evangelische Gemeenten,ARPEE
Evangelische Gemeenschap De Rots,Leopold II straat 15,3800 SAINT-TROND ,SAINT-TROND,3800,Overleg van Autonome Evangelische Gemeenten,ARPEE
Eglise protestante évangélique,"Rue Félix-Joseph Clerbois, 71",7060 SOIGNIES ,SOIGNIES,7060,Association des Églises Protestantes Évangéliques de Belgique,ARPEE
Centre Chrétien Emmanuel,"Rue de la Sauvenière, 16",4900 SPA ,SPA,4900,Concertation des Églises Indépendantes,ARPEE
Eglise protestante unie de Belgique,"Rue Brixhe, 24",4900 SPA ,SPA,4900,Eglise Protestante Unie de Belgique,ARPEE
Evangelische Kerk Effatha,Marktplaats 5+,8840 STADEN ,STADEN,8840,Verbond van Vlaamse Pinkstergemeenten,ARPEE
Evangelische Christengemeente Vlaanderen,"Zaal Kraanhof, Geelsebaan",3980 TESSENDERLO ,TESSENDERLO,3980,Evangelische Christengemeenten Vlaanderen,ARPEE
Protestantse Kerk De Goede Herder,Rutterweg 32,3700 TONGRES ,TONGRES,3700,Gereformeerd Overleg Vlaanderen,ARPEE
Evangelische Gemeente Maranatha,Zagerijstraat 11,3700 TONGRES ,TONGRES,3700,Onder de directe verantwoordelijkheid van de Uitvoerende Raad van de Federale Synode,ARPEE
Christengemeente Het Levende Brood,Bakvoordestraat 19,8820 TORHOUT ,TORHOUT,8820,Verbond van Vlaamse Pinkstergemeenten,ARPEE
Centre Vie Chrétienne,"Rue du Nord, 89",7500 TOURNAI ,TOURNAI,7500,Concertation des Églises Indépendantes,ARPEE
La Nouvelle Jérusalem,"Rue de Marvis, 8",7500 TOURNAI ,TOURNAI,7500,Onder de directe verantwoordelijkheid van de Uitvoerende Raad van de Federale Synode,ARPEE
Eglise protestante unie de Belgique,"Rue Barre Saint-Brice, 14",7500 TOURNAI ,TOURNAI,7500,Eglise Protestante Unie de Belgique,ARPEE
Eglise Protestante Baptiste,"Chaussée de Bruxelles, 192",7500 TOURNAI ,TOURNAI,7500,Union des Baptistes en Belgique,ARPEE
The Redeemed Christian Church of God - House of Prayer,Konigin Astridlann 2,8020 BRUGGE ,BRUGGE,8020,Redeemed Christian Church of God,ARPEE
Eglise protestante évangélique,"Rue des Forges, 147",1480 TUBIZE ,TUBIZE,1480,Assemblées de Dieu Francophones de Belgique,ARPEE
Eglise protestante unie de Belgique,"Rue Saint-Jean, 62",1480 TUBIZE ,TUBIZE,1480,Eglise Protestante Unie de Belgique,ARPEE
Christelijk Centrum Turnhout,Gildenstraat 54,2300 TURNHOUT ,TURNHOUT,2300,Verbond van Vlaamse Pinkstergemeenten,ARPEE
Protestantse Kerk van Turnhout,Steenweg op Gierle 188,2300 TURNHOUT ,TURNHOUT,2300,Eglise Protestante Unie de Belgique,ARPEE
Evangelisch Centrum Turnhout,Guldensporenlei 27,2300 TURNHOUT ,TURNHOUT,2300,Vrije Evangelische Gemeenten,ARPEE
Armée du Salut,"Rue Thil Lorrain, 11",4800 VERVIERS ,VERVIERS,4800,Armée du Salut,ARPEE
Eglise évangélique de Verviers-Harmonie,"Rue Lucien Defays, 12",4800 VERVIERS ,VERVIERS,4800,Assemblées de Dieu Francophones de Belgique,ARPEE
Eglise de la Nouvelle Alliance,"Rue de Hodimont, 27",4800 VERVIERS ,VERVIERS,4800,Concertation des Églises Indépendantes,ARPEE
Eglise protestante unie de Belgique (Hodimont),"Rue de la Montagne de l'Invasion, 8",4800 VERVIERS ,VERVIERS,4800,Eglise Protestante Unie de Belgique,ARPEE
Eglise protestante unie de Belgique (Laoureux),"Rue Laoureux, 33-35",4800 VERVIERS ,VERVIERS,4800,Eglise Protestante Unie de Belgique,ARPEE
Eglise adventiste,"Rue des Déportés, 74",4800 VERVIERS ,VERVIERS,4800,Fédération des Eglises adventistes,ARPEE
Christelijke Kerk Bethanië,Rollewagenstraat 76 A,1800 VILVORDE ,VILVORDE,1800,Overleg van Autonome Evangelische Gemeenten,ARPEE
William Tyndale-Silo Kerk,Rondeweg 3/01,1800 VILVORDE ,VILVORDE,1800,Eglise Protestante Unie de Belgique,ARPEE
Mission évangélique belge,"Rue du Temple, 1",6762 VIRTON ,VIRTON,6762,Mission Evangélique Belge,ARPEE
Eglise protestante unie de Belgique,"Rue Vieille-Voie, 14",4602 VISÉ ,VISÉ,4602,Eglise Protestante Unie de Belgique,ARPEE
Eglise Vie et Lumière,Rue Fernand Piette,4520 WANZE ,WANZE,4520,Mission Tzigane Vie et Lumière,ARPEE
Christen Centrum Waregem,"Parochiaal Centrum De Ark, Zuiderlaan 44 A",8790 WAREGEM ,WAREGEM,8790,Verbond van Vlaamse Pinkstergemeenten,ARPEE
Eglise adventiste roumaine,"Chaussée d'Alsemberg, 207",1420 BRAINE-L'ALLEUD ,BRAINE-L'ALLEUD,1420,Fédération des Eglises adventistes,ARPEE
La Nouvelle Jérusalem,Rue de la Station 135,1410 WATERLOO ,WATERLOO,1410,Église de Dieu en Belgique,ARPEE
Eglise protestante évangélique de Wavre,"Rue Provinciale, 243",1301 WAVRE ,WAVRE,1301,Concertation des Églises Indépendantes,ARPEE
La Nouvelle Jérusalem,"Rue de Nivelles, 57-63",1300 WAVRE ,WAVRE,1300,Église de Dieu en Belgique,ARPEE
Eglise protestante unie de Belgique,"Avenue de la Belle Voie, 15",1300 WAVRE ,WAVRE,1300,Eglise Protestante Unie de Belgique,ARPEE
Verenigde Protestantse Kerk in België,Spoorwegstraat 18,8560 WEVELGEM ,WEVELGEM,8560,Eglise Protestante Unie de Belgique,ARPEE
Eglise Protestante Evangélique de Kraainem et de Wezembeek-Oppem,Arthur Dezangrélaan 3,1950 KRAAINEM ,KRAAINEM,1950,Onder de directe verantwoordelijkheid van de Uitvoerende Raad van de Federale Synode,ARPEE
International Baptist Church (IBC),Lange Eikstraat 76-78,1970 WEZEMBEEK-OPPEM ,WEZEMBEEK-OPPEM,1970,Eglises en entente administrative avec l'EPUB,ARPEE
Korean Church of Brussels,Museumlaan 2,1970 WEZEMBEEK-OPPEM ,WEZEMBEEK-OPPEM,1970,Eglises affilié à l'EPUB,ARPEE
Vrije Evangelische Gemeente,Dr. Persoonslaan 22,2830 WILLEBROEK ,WILLEBROEK,2830,Vrije Evangelische Gemeenten,ARPEE
Vrije Evangelische Gemeente,Fabriekstraat 63,1930 ZAVENTEM ,ZAVENTEM,1930,Vrije Evangelische Gemeenten,ARPEE
Christengemeente,Zavelstraat 71 A,3520 ZONHOVEN ,ZONHOVEN,3520,Verbond van Vlaamse Pinkstergemeenten,ARPEE
Christengemeente De Hoeksteen,Bijlokestraat 72,9620 ZOTTEGEM ,ZOTTEGEM,9620,Verbond van Vlaamse Pinkstergemeenten,ARPEE
Volle Evangeliekerk De Herberg,Avelgemstraat 78 A,8550 ZWEVEGEM ,ZWEVEGEM,8550,Verbond van Vlaamse Pinkstergemeenten,ARPEE
Baptistenkerk Antwerpen,Heer van Bergenstraat 1,2050 ANTWERPEN ,ANTWERPEN,2050,Association des Baptistes indépendants,ARPEE
Freedom Ministries,Alfons Schneiderlaan 211,2100 ANTWERPEN ,ANTWERPEN,2100,Verbond van Vlaamse Pinkstergemeenten,ARPEE
The Redeemed Christian Church of God - Christ's Love Assembly,Rue de l'Instruction 112 (3ème étage),1070 BRUSSEL-ANDERLECHT ,BRUSSEL-ANDERLECHT,1070,Redeemed Christian Church of God,ARPEE
The Redeemed Christian Church of God - Faith Tabernacle,Adolphe Baeyensstraat 56,9040 GAND ,GAND,9040,Redeemed Christian Church of God,ARPEE
Assembléia de Deus Missionária,"Rue Théodore Verhaegen, 9",1060 BRUSSEL-SINT-GILLIS ,BRUSSEL-SINT-GILLIS,1060,Réseau Antioche,ARPEE
Eglise St.-Luc,"Chaussée de Mons, 614",1070 BRUSSEL-ANDERLECHT ,BRUSSEL-ANDERLECHT,1070,Réseau Antioche,ARPEE
Christian Associates International - The Well,"Bouche à Oreille, Place Van Meyel 15 A",1040 BRUSSEL-ETTERBEEK ,BRUSSEL-ETTERBEEK,1040,Réseau Antioche,ARPEE
Word Communication Ministries,"Rue Uyttenhove, 51 (côté droit)",1090 BRUSSEL-JETTE ,BRUSSEL-JETTE,1090,Verbond van Vlaamse Pinkstergemeenten,ARPEE
Igreja Pentecostal Deus é Fiel,"Rue Charles Parenté, 28 A (2° étage)",1070 BRUSSEL-ANDERLECHT ,BRUSSEL-ANDERLECHT,1070,Verbond van Vlaamse Pinkstergemeenten,ARPEE
Communauté Chrétienne de Maisons,"Eglise catholique romaine Notre-Dame du Bon Secours, Les Marnières, 2",4400 FLEMALLE ,FLEMALLE,4400,Concertation des Églises Indépendantes,ARPEE
Eglise Evangélique Mamré,"Rue Léon Dosimont, 7",5170 PROFONDEVILLE ,PROFONDEVILLE,5170,Assemblées de Dieu Francophones de Belgique,ARPEE
Assembléia de Deus - Nova Geração,Statiestraat 35,2600 ANTWERPEN ,ANTWERPEN,2600,Onder de directe verantwoordelijkheid van de Uitvoerende Raad van de Federale Synode,ARPEE
Eglise de Dieu polonaise,"Chaussée de Haecht, 296",1030 BRUSSEL-SCHAARBEEK ,BRUSSEL-SCHAARBEEK,1030,Onder de directe verantwoordelijkheid van de Uitvoerende Raad van de Federale Synode,ARPEE
Église du Centre,"Chaussée de Bruxelles, 282b",6040 CHARLEROI ,CHARLEROI,6040,Église de Dieu en Belgique,ARPEE
La Nouvelle Jérusalem à Ans,"Chaussée de Tongres, 353",4000 ANS,ANS,4000,Église de Dieu en Belgique,ARPEE
Église évangélique Assemblée de Dieu internationale,"Rue Théodore Verhaegen, 85",1060 BRUSSEL-SINT-GILLIS ,BRUSSEL-SINT-GILLIS,1060,Concertation des Églises Indépendantes,ARPEE
Brüsszeli Magyar Protestáns Egyházközég / Eglise Hongroise Protestante de Belgique,"Eglise de Musée: Place du Musée, 2 / Coudenberg, 5",1000 BRUSSEL ,BRUSSEL,1000,Eglise Protestante Unie de Belgique,ARPEE
Mission évangélique des Assemblées Les Vases d'Honneur,Rue Charles Parenté 28 A,1070 BRUSSEL-ANDERLECHT ,BRUSSEL-ANDERLECHT,1070,Fraternité des Églises du Réveil en Belgique,ARPEE
Église Sion de Belgique,Rue Stephenson 8,1030 BRUSSEL-SCHAARBEEK ,BRUSSEL-SCHAARBEEK,1030,Réseau Antioche,ARPEE
Centre international chrétien Sang Précieux,Hogeweg 16,2140 ANTWERPEN ,ANTWERPEN,2140,Réseau Antioche,ARPEE
The Church of the Living God International - Salvation Center (SCCLGI),"Galerie de la Porte de Namur, 7/4",1050 BRUSSEL-ELSENE ,BRUSSEL-ELSENE,1050,Réseau Antioche,ARPEE
Assemblée de l'Éternel Christ Vainqueur (AECV),"Rue Merceny, 6 A",6600 BASTOGNE ,BASTOGNE,6600,Onder de directe verantwoordelijkheid van de Uitvoerende Raad van de Federale Synode,ARPEE
Centre évangélique Mission Maranatha,,1050 BRUSSEL-ELSENE ,BRUSSEL-ELSENE,1050,Assemblées de Dieu Francophones de Belgique,ARPEE
Assemblée de l'Eternel Christ Vainqueur (AECV),Rue Scheut 56,1070 BRUSSEL-ANDERLECHT ,BRUSSEL-ANDERLECHT,1070,Fraternité des Églises du Réveil en Belgique,ARPEE
Centre Évangélique Temple de l'Éternel (anciennement: Cité Bethel),Rue Uyttenhove 49,1090 BRUSSEL-JETTE ,BRUSSEL-JETTE,1090,Réseau Antioche,ARPEE
Antwerpse Koreaanse Kerk / Antwerp Korean Church,Lange Winkelstraat 5,2000 ANTWERPEN ,ANTWERPEN,2000,Eglises en entente administrative avec l'EPUB,ARPEE
The Redeemed Christian Church of God - Resurrection Parish,Pothoekstraat 104,2060 ANTWERPEN ,ANTWERPEN,2060,Redeemed Christian Church of God,ARPEE
Association fraternelle de La Bouverie,"Rue Jules Cousin, 1",7080 FRAMERIES ,FRAMERIES,7080,Concertation des Églises Indépendantes,ARPEE
Gospel Faith Mission International (Gofamint),Turnhoutsebaan 4,2100 ANTWERPEN ,ANTWERPEN,2100,Verbond van Vlaamse Pinkstergemeenten,ARPEE
Greater Love Assembly - Divine Glory Center (ex: Grace of God Mission),"Rue Doyen Fierens, 19 B",1080 BRUSSEL-SINT-JANS-MOLENBEEK ,BRUSSEL-SINT-JANS-MOLENBEEK,1080,Verbond van Vlaamse Pinkstergemeenten,ARPEE
Eglise Vie et Lumière,"Chemin du Cimetière, 40",6220 FLEURUS ,FLEURUS,6220,Mission Tzigane Vie et Lumière,ARPEE
Communauté Evangélique Philadelphie (CEP),"Brussels Event Brewery, Rue Delaunoy, 58 (1° étage)",1080 BRUSSEL-SINT-JANS-MOLENBEEK ,BRUSSEL-SINT-JANS-MOLENBEEK,1080,Verbond van Vlaamse Pinkstergemeenten,ARPEE
Internationale Presbyteriaanse Kerk (IPC),"Gereformeerd Kerkcentrum, Gordunakaai 28-30",9000 GENT,GENT,9000,Gereformeerd Overleg Vlaanderen,ARPEE
Eglise de Dieu d'expression portugaise Kairos Ministry,"Rue Picard, 174-178",1080 BRUSSEL-SINT-JANS-MOLENBEEK ,BRUSSEL-SINT-JANS-MOLENBEEK,1080,Église de Dieu en Belgique,ARPEE
Eglise Protestante Japonaise de Bruxelles,"Avenue A.J. Slegers, 96",1200 BRUSSEL-SINT-LAMBRECHTS-WOLUWE ,BRUSSEL-SINT-LAMBRECHTS-WOLUWE,1200,Mission Evangélique Belge,ARPEE
Iraanse Kerk van Brussel,"Chaussée de Jette, 448",1090 BRUSSEL-JETTE ,BRUSSEL-JETTE,1090,Vrije Evangelische Gemeenten,ARPEE
Evangelische Gemeente,"CC Oud Gasthuis, Gemeenteplein 26",1730 ASSE ,ASSE,1730,Mission Evangélique Belge,ARPEE
Comunidade Cristã Brasileira (CCBr),Eggestraat 27,2640 MORTSEL ,MORTSEL,2640,Réseau Antioche,ARPEE
Eglise Internationale de la Flandre Orientale (E.I.F.O.),Ninovesteenweg 84 A,9320 AALST ,AALST,9320,Concertation des Églises Indépendantes,ARPEE
Light of Salvation Christian Centre,Lakenmakersstraat 79,2800 MECHELEN ,MECHELEN,2800,Overleg van Autonome Evangelische Gemeenten,ARPEE
The Redeemed Christian Church of God - Grace and Truth Arena,Rue de la tulipe 32,1050 BRUSSEL-ELSENE ,BRUSSEL-ELSENE,1050,Redeemed Christian Church of God,ARPEE
The city of the living God,Hendrik Consciencestraat 26,2300 TURNHOUT ,TURNHOUT,2300,Redeemed Christian Church of God,ARPEE
The Redeemed Christian Church of God - Victory House,"Rue Verheyden, 27",1070 BRUSSEL-ANDERLECHT ,BRUSSEL-ANDERLECHT,1070,Redeemed Christian Church of God,ARPEE
Communauté chrétienne intégrale,"Place de la Reine, 13",1030 BRUSSEL-SCHAARBEEK ,BRUSSEL-SCHAARBEEK,1030,Réseau Antioche,ARPEE
Eglise Pentecôtiste Evangélique de Belgique,"Rue Heyvaert, 187",1080 BRUSSEL-SINT-JANS-MOLENBEEK ,BRUSSEL-SINT-JANS-MOLENBEEK,1080,Concertation des Églises Indépendantes,ARPEE
Videira - Igreja em Células,"Rue Charles Parenté, 3 A",1070 BRUSSEL-ANDERLECHT ,BRUSSEL-ANDERLECHT,1070,Concertation des Églises Indépendantes,ARPEE
The River Church,Meerlestraat 32,3560 LUMMEN ,LUMMEN,3560,Verbond van Vlaamse Pinkstergemeenten,ARPEE
Assembléia de Deus Missões (ex: Nova Vida),"Rue Gheude, 21-25 (3ème étage)",1070 BRUSSEL-ANDERLECHT ,BRUSSEL-ANDERLECHT,1070,Concertation des Églises Indépendantes,ARPEE
Armeense Evangelische Kerk,Zandpoortvest 27,2800 MECHELEN ,MECHELEN,2800,Concertation des Églises Indépendantes,ARPEE
Assyrische Evangelische Kerk,Zandpoortvest 27,2800 MECHELEN ,MECHELEN,2800,Concertation des Églises Indépendantes,ARPEE
Armeense Evangelische Kerk,"Sint-Franciscus Xaveriuskerk, Collegelaan 32",2140 ANTWERPEN ,ANTWERPEN,2140,Concertation des Églises Indépendantes,ARPEE
Armeense Evangelische Kerk,Runkstersteenweg 303,3500 HASSELT ,HASSELT,3500,Concertation des Églises Indépendantes,ARPEE
Centre évangélique,"Place Warocqué, 12",7000 MONS ,MONS,7000,Concertation des Églises Indépendantes,ARPEE
Eglise Chrétienne Evangélique Vie Nouvelle,"Avenue Van Volxem, 479",1190 BRUSSEL-VORST ,BRUSSEL-VORST,1190,Chiese Cristiane Italiane nel Nord Europa,ARPEE
Eglise Evangélique,"Rue de la Justice, 11",5300 ANDENNE ,ANDENNE,5300,Chiese Cristiane Italiane nel Nord Europa,ARPEE
Chiesa Cristiana Evangelica Pentecostale Italiana,"Rue de Couillet, 338",6200 CHÂTELET ,CHÂTELET,6200,Chiese Cristiane Italiane nel Nord Europa,ARPEE
Chiesa Cristiana Evangelica Italiana,Risstraat 18,3600 GENK ,GENK,3600,Chiese Cristiane Italiane nel Nord Europa,ARPEE
Chiesa Evangelica,"Rue du Calvaire, 83",6060 CHARLEROI ,CHARLEROI,6060,Chiese Cristiane Italiane nel Nord Europa,ARPEE
Eglise Chrétienne Evangélique,"Rue Lloyd George, 6 A",7012 MONS ,MONS,7012,Chiese Cristiane Italiane nel Nord Europa,ARPEE
Eglise Chrétienne Evangélique,"Rue Théophile Massart, 22",7100 LA LOUVIÈRE ,LA LOUVIÈRE,7100,Chiese Cristiane Italiane nel Nord Europa,ARPEE
Eglise Chrétienne Evangélique,"Avenue Max Buset, 8 A",7100 LA LOUVIÈRE ,LA LOUVIÈRE,7100,Chiese Cristiane Italiane nel Nord Europa,ARPEE
Eglise Chrétienne Evangélique Italienne,"Rue de Hesbaye, 236",4000 LIEGE ,LIEGE,4000,Chiese Cristiane Italiane nel Nord Europa,ARPEE
Chiesa Evangelica Italiana,Oude Baan 141,3630 MAASMECHELEN ,MAASMECHELEN,3630,Chiese Cristiane Italiane nel Nord Europa,ARPEE
Eglise Chretienne Italienne,"Avenue Eugène Mascaux, 293 A",6001 CHARLEROI ,CHARLEROI,6001,Chiese Cristiane Italiane nel Nord Europa,ARPEE
Eglise Chrétienne Evangélique,"Rue de la Grattine, 29",7140 MORLANWELZ ,MORLANWELZ,7140,Chiese Cristiane Italiane nel Nord Europa,ARPEE
Eglise Chrétienne Evangélique,"Rue de Monsville, 159-161",7390 QUAREGNON ,QUAREGNON,7390,Chiese Cristiane Italiane nel Nord Europa,ARPEE
Eglise Chrétienne Evangélique,"Rue Trieu Gossiaux, 25",6224 FLEURUS ,FLEURUS,6224,Chiese Cristiane Italiane nel Nord Europa,ARPEE
Christelijk Centrum Het Lichthuis,Pastorijstraat 42,3582 BERINGEN ,BERINGEN,3582,Overleg van Autonome Evangelische Gemeenten,ARPEE
Word Alive International Ministry,"Place Masui, 27",1000 BRUSSEL ,BRUSSEL,1000,Verbond van Vlaamse Pinkstergemeenten,ARPEE
International Christian Ministries,Muizenstraat 3,2060 ANTWERPEN ,ANTWERPEN,2060,Verbond van Vlaamse Pinkstergemeenten,ARPEE
Word Communication Ministries,Bredabaan 425,2170 ANTWERPEN ,ANTWERPEN,2170,Verbond van Vlaamse Pinkstergemeenten,ARPEE
Communauté Chrétienne de Seneffe,"Studio Silver Ray, Rue du Long Tri, 48 C",7180 SENEFFE ,SENEFFE,7180,Assemblées Protestantes Évangéliques de Belgique,ARPEE
Communauté protestante de Fraire,"Rue de Rocroi, 39",5650 WALCOURT ,WALCOURT,5650,Assemblées Protestantes Évangéliques de Belgique,ARPEE
Rhema Pinksterkerk,Capucijnenstraat 8,3800 SAINT-TROND ,SAINT-TROND,3800,Verbond van Vlaamse Pinkstergemeenten,ARPEE
Assemblée Protestante Evangélique de Jodoigne (APEJ),"Maison de Village, Rue de Basse Hollande, 4",1370 JODOIGNE ,JODOIGNE,1370,Assemblées Protestantes Évangéliques de Belgique,ARPEE
Eglise chrétienne protestante,"Rue Emile Muraille, 226",4040 HERSTAL ,HERSTAL,4040,Eglises en entente administrative avec l'EPUB,ARPEE
Het Huis van God,Afrikalaan 180+,9000 GENT,GENT,9000,Overleg van Autonome Evangelische Gemeenten,ARPEE
Igreja Universal do Reino de Deus,"Rue Crickx Lambert, 3",1070 BRUSSEL-ANDERLECHT ,BRUSSEL-ANDERLECHT,1070,Verbond van Vlaamse Pinkstergemeenten,ARPEE
Universele Kerk van Gods Rijk,Dendermondsesteenweg 57a,9000 GAND ,GAND,9000,Verbond van Vlaamse Pinkstergemeenten,ARPEE
"Assembléia de Deus, Ministério Madureira - Gurupi TO (Projet Un Million d'Ailes)","Rue Théodore Verhaegen, 202",1060 BRUSSEL-SINT-GILLIS ,BRUSSEL-SINT-GILLIS,1060,Réseau Antioche,ARPEE
Eglise La Bonne Semence,Noordersingel 17 B5,2060 ANTWERPEN ,ANTWERPEN,2060,Réseau Antioche,ARPEE
Assemblée chrétienne de Kinshasa,Noorderlaan 115 (2e verdieping),2030 ANTWERPEN ,ANTWERPEN,2030,Réseau Antioche,ARPEE
Assemblée du Mont Sion,Sint-Bernardsesteenweg 770,2660 ANTWERPEN ,ANTWERPEN,2660,Réseau Antioche,ARPEE
L'Ami fidèle,Franklin Rooseveltlaan 109,1800 VILVORDE ,VILVORDE,1800,Réseau Antioche,ARPEE
Communautés chrétiennes évangéliques,"Avenue d'Hyon, 70",7000 MONS ,MONS,7000,Réseau Antioche,ARPEE
Eglise évangélique Source de Vie,"Rue Gheude, 21-25 (1° étage)",1070 BRUSSEL-ANDERLECHT ,BRUSSEL-ANDERLECHT,1070,Réseau Antioche,ARPEE
Evangelische Gemeente Oase,Hayenhoek 15 B,3910 NEERPELT ,NEERPELT,3910,Evangelische Christengemeenten Vlaanderen,ARPEE
Prayer Centre for All Nations,Papaverstraat 5,2170 ANTWERPEN ,ANTWERPEN,2170,Verbond van Vlaamse Pinkstergemeenten,ARPEE
Wesley Methodist Church,Frans Erlingerstraat 12,2100 ANTWERPEN ,ANTWERPEN,2100,Eglises en entente administrative avec l'EPUB,ARPEE
Wesley Methodist Church,"Rue du Champ de Mars, 5",1050 BRUSSEL-ELSENE ,BRUSSEL-ELSENE,1050,Eglises en entente administrative avec l'EPUB,ARPEE
Église internationale pentecôtiste de sainteté de Belgique (IPHC) - Logos Church,"Rue Brogniez, 41 (1° étage)",1070 BRUSSEL-ANDERLECHT ,BRUSSEL-ANDERLECHT,1070,Réseau Antioche,ARPEE
Assemblée missionnaire Rhéma,"Rue Gheude, 21-25 (3ème étage)",1070 BRUSSEL-ANDERLECHT ,BRUSSEL-ANDERLECHT,1070,Réseau Antioche,ARPEE
Go Generation - De l'Espoir pour tous,Rue Rogivaux 21,4040 HERSTAL ,HERSTAL,4040,Réseau Antioche,ARPEE
Centre chrétien Lumière des Nations,"Rue Van Ysendyck, 48-50",1030 BRUSSEL-SCHAARBEEK ,BRUSSEL-SCHAARBEEK,1030,Eglises en entente administrative avec l'EPUB,ARPEE
Vergadering van Evangelische Christenen,Elisabethlaan 200,9400 NINOVE ,NINOVE,9400,Evangelische Christengemeenten Vlaanderen,ARPEE
Eglise chrétienne évangélique,"Rue du Feureu, 13",7100 LA LOUVIÈRE ,LA LOUVIÈRE,7100,Onder de directe verantwoordelijkheid van de Uitvoerende Raad van de Federale Synode,ARPEE
La Nouvelle Jérusalem,Ledebaan 39,9300 AALST ,AALST,9300,Église de Dieu en Belgique,ARPEE
La Nouvelle Jérusalem,Lakenmakersstraat 233,2800 MECHELEN ,MECHELEN,2800,Église de Dieu en Belgique,ARPEE
La Nouvelle Jérusalem,"Rue des Capucins, 5",7850 ENGHIEN ,ENGHIEN,7850,Église de Dieu en Belgique,ARPEE
Genesis International,Hendrik Kuijpersstraat 60,2640 MORTSEL ,MORTSEL,2640,Overleg van Autonome Evangelische Gemeenten,ARPEE
Mission Adriel,"Rue des Protestants, 35",6040 CHARLEROI ,CHARLEROI,6040,Assemblées Protestantes Évangéliques de Belgique,ARPEE
La Colonne et l'Appui de la Vérité,"Chaussée de Bruxelles, 265",6020 CHARLEROI ,CHARLEROI,6020,Réseau Antioche,ARPEE
World Mission Agency (ex-Winners Chapel Int.),"Avenue Docteur Zamenhof, 35",1070 BRUSSEL-ANDERLECHT ,BRUSSEL-ANDERLECHT,1070,Réseau Antioche,ARPEE
Eglise Evangélique Arabophone de Belgique,"Eglise Saint-Antoine, Place Saint-Antoine",1040 BRUSSEL-ETTERBEEK ,BRUSSEL-ETTERBEEK,1040,Eglises en entente administrative avec l'EPUB,ARPEE
Christengemeente Maaseik,"Parochiecentrum, Mgr. Koningsstraat 8 B",3680 MAASEIK ,MAASEIK,3680,Verbond van Vlaamse Pinkstergemeenten,ARPEE
L'Autre Rive,"Salle La Sapinière, Rue Chapelle Marion, 11",5030 GEMBLOUX ,GEMBLOUX,5030,Mission Evangélique Belge,ARPEE
Eglise Mission Pentecôtiste,Rue Brogniez 21,1070 BRUSSEL-ANDERLECHT ,BRUSSEL-ANDERLECHT,1070,Réseau Antioche,ARPEE
"Eglise baptiste Renascer, Catedral da Adoração","Rue Brogniez, 21",1070 BRUSSEL-ANDERLECHT ,BRUSSEL-ANDERLECHT,1070,Réseau Antioche,ARPEE
Mission ecclésiastique de Restauration Exode,"R.-k. Sint-Lukaskerk, Ernest Claesstraat 5",2050 ANTWERPEN ,ANTWERPEN,2050,Réseau Antioche,ARPEE
Eglise évangélique Sion Y.O.R.,"Galérie de la Porte de Namur, 7/4",1050 BRUSSEL-ELSENE ,BRUSSEL-ELSENE,1050,Réseau Antioche,ARPEE
Eglise des Missionnaires du Reveil - Revival Missionaries Ministry (R.M.M.),"Rue de Bomel, 82",5000 NAMUR ,NAMUR,5000,Réseau Antioche,ARPEE
Mission La Paix du Seigneur,Rue des ailes 60,1030 BRUSSEL-ANDERLECHT ,BRUSSEL-ANDERLECHT,1030,Réseau Antioche,ARPEE
Fraternité évangélique de Pentecôte en Afrique et en Belgique - Paroisse de Charleroi,"Boulevard Audent, 58",6000 CHARLEROI ,CHARLEROI,6000,Réseau Antioche,ARPEE
Eglise évangélique roumaine Espérance,"Rue de Beaumont, 206",6030 CHARLEROI-MARCHIENNE-AU-PONT ,CHARLEROI-MARCHIENNE-AU-PONT,6030,Réseau Antioche,ARPEE
Centre évangélique Le Tabernacle,Rue Eloy 8,7060 SOIGNIES ,SOIGNIES,7060,Réseau Antioche,ARPEE
Eglise Apostolique Béthel,Rue Saint-hubert 45 a,7170 MANAGE ,MANAGE,7170,Église Apostolique,ARPEE
Internationale Kerkgemeenschap Gent (ICCG),"R.-k. Maria Goretti-kerk, Blaisantvest 39",9000 GAND ,GAND,9000,Gereformeerd Overleg Vlaanderen,ARPEE
Assemblée de Jésus-Christ - Mission Evangélique (AJC),Beigemsesteenweg 79,1850 GRIMBERGEN ,GRIMBERGEN,1850,Réseau Antioche,ARPEE
Centre International Espérance et Vie,"Rue des Bollandistes, 40",1040 BRUSSEL-ETTERBEEK ,BRUSSEL-ETTERBEEK,1040,Réseau Antioche,ARPEE
Assemblée Evangélique Pain de Vie,Chaussée de Bertrix 2,6840 NEUFCHÂTEAU ,NEUFCHÂTEAU,6840,Réseau Antioche,ARPEE
Eglise de Jésus la Grâce par la Foi en Jésus-Christ (La Grafoi),"Rue Potagère, 9",1210 BRUSSEL-SINT-JOOST-TEN-NODE ,BRUSSEL-SINT-JOOST-TEN-NODE,1210,Réseau Antioche,ARPEE
Assemblée des Saints,"Rue de Birmingham, 54",1080 BRUSSEL-SINT-JANS-MOLENBEEK ,BRUSSEL-SINT-JANS-MOLENBEEK,1080,Réseau Antioche,ARPEE
La Maison du Potier,Rue des matériaux 71,1070 BRUSSEL-ANDERLECHT ,BRUSSEL-ANDERLECHT,1070,Réseau Antioche,ARPEE
Eglise de Pentecôte Alpha Oméga,"Rue Jean Jaurès, 244",6020 CHARLEROI ,CHARLEROI,6020,Réseau Antioche,ARPEE
Jesus is Lord Church,Avenue Monplaisirlaan 77-89,1030 BRUSSEL-SCHAARBEEK ,BRUSSEL-SCHAARBEEK,1030,Réseau Antioche,ARPEE
Grace Family Church,Steenstraat 1,8640 VLETEREN ,VLETEREN,8640,Evangelische Christengemeenten Vlaanderen,ARPEE
The Redeemed Christian Church of God - Christ's Ambassadors,"Place Masui, 27",1000 BRUSSEL ,BRUSSEL,1000,Redeemed Christian Church of God,ARPEE
The Redeemed Christian Church of God - Winners Assembly,Diestsesteenweg 56,3010 LOUVAIN ,LOUVAIN,3010,Redeemed Christian Church of God,ARPEE
The Redeemed Christian Church of God - House of Praise,Voorhavenlaan 31,8400 OSTENDE ,OSTENDE,8400,Redeemed Christian Church of God,ARPEE
The Redeemed Christian Church of God - Jesus House,Bollebergen 7,9052 GAND ,GAND,9052,Redeemed Christian Church of God,ARPEE
Iglesia Adventista del 7° Día Hispana de Amberes,Bexstraat 13 (contact: Charles de Costerlaan 19/E14),2050 ANTWERPEN ,ANTWERPEN,2050,Fédération des Eglises adventistes,ARPEE
Eglise Que Ton Règne Vienne,"Rue Flament, 12",7600 PERUWELZ ,PERUWELZ,7600,Union des Églises Évangéliques de Réveil,ARPEE
Assyrische Christelijke Gemeenschap (ACG) Beth-El,Ter Hertstraat 1,2800 MECHELEN ,MECHELEN,2800,Gereformeerd Overleg Vlaanderen,ARPEE
Impact Centre chrétien - Campus de Bruxelles,Rue des Lutins 8,1190 BRUSSEL-VORST ,BRUSSEL-VORST,1190,Réseau Antioche,ARPEE
Awakening souls international ministries,"W.Z.C TEMPELHOF, Sint Margrietstraat 36",9000 GAND ,GAND,9000,Verbond van Vlaamse Pinkstergemeenten,ARPEE
Every Nation Church,Sint-Jansvest 28 A,9000 GAND ,GAND,9000,Verbond van Vlaamse Pinkstergemeenten,ARPEE
Chapelle de l'Evangile,"Place Raymond Blyckaerts, 4",1050 BRUSSEL-ELSENE ,BRUSSEL-ELSENE,1050,Assemblées de Dieu Francophones de Belgique,ARPEE
La Borne,"Chaussée de Roodebeek, 128",1200 BRUSSEL-SINT-LAMBRECHTS-WOLUWE ,BRUSSEL-SINT-LAMBRECHTS-WOLUWE,1200,Assemblées de Dieu Francophones de Belgique,ARPEE
Greater Love Assembly (Divine Empowerment Center),"Rue Van Lint, 53",1070 BRUSSEL-ANDERLECHT ,BRUSSEL-ANDERLECHT,1070,Verbond van Vlaamse Pinkstergemeenten,ARPEE
Église évangélique baptiste Le Cèdre,RUE Longtin Honoré 44,1090 BRUSSEL-JETTE ,BRUSSEL-JETTE,1090,Union des Baptistes en Belgique,ARPEE
Assemblée Chrétienne Shamma,"Rue Jenart, 21",1080 BRUSSEL-SINT-JANS-MOLENBEEK ,BRUSSEL-SINT-JANS-MOLENBEEK,1080,Réseau Antioche,ARPEE
Eglise de Jesus-Christ de verite la grace de Dieu,"Chaussée de Mons, 180",1070 BRUSSEL-ANDERLECHT ,BRUSSEL-ANDERLECHT,1070,Réseau Antioche,ARPEE
Faith international mission,"Rue Heyvaert, 187",1080 BRUSSEL-SINT-JANS-MOLENBEEK ,BRUSSEL-SINT-JANS-MOLENBEEK,1080,Réseau Antioche,ARPEE
Saint Paul Church,"Boulevard Emile Jacqmain, 60",1000 BRUSSEL ,BRUSSEL,1000,Réseau Antioche,ARPEE
The Bridge,Leuvensesteenweg 50 ,1932 St. Stevens Woluwe,St. Stevens Woluwe,1932,Réseau Antioche,ARPEE
Assemblée Chrétienne The Bridge,"Rue du Vivier, 180",6600 BASTOGNE ,BASTOGNE,6600,Réseau Antioche,ARPEE
Tabernacle nouvelle alliance,"Rue Joseph Claes, 48",1060 BRUSSEL-SINT-GILLIS ,BRUSSEL-SINT-GILLIS,1060,Réseau Antioche,ARPEE
Eglise Evangelique des temoins du Christ,"Rue de Berghes, 22",4020 LIEGE ,LIEGE,4020,Réseau Antioche,ARPEE
The Lighthouse Centre,Stationsstraat 13,9300 AALST ,AALST,9300,Réseau Antioche,ARPEE
God is Able Ministry,"Avenue van Volxem, 400",1190 BRUSSEL-VORST ,BRUSSEL-VORST,1190,Verbond van Vlaamse Pinkstergemeenten,ARPEE
Lighthouse fellowship,Leeuwlantstraat 92,2100 ANTWERPEN ,ANTWERPEN,2100,Verbond van Vlaamse Pinkstergemeenten,ARPEE
The Lord's chosen church,"Rue Van Lint, 51",1070 BRUSSEL-ANDERLECHT ,BRUSSEL-ANDERLECHT,1070,Verbond van Vlaamse Pinkstergemeenten,ARPEE
Divine Grace redemption gospel ministries (more grace center),Statiestraat 16,2600 ANTWERPEN ,ANTWERPEN,2600,Verbond van Vlaamse Pinkstergemeenten,ARPEE
"Mission Evangélique ""Jésus t'aime""","Chaussée de Gilly, 8",6040 CHARLEROI ,CHARLEROI,6040,Assemblées de Dieu Francophones de Belgique,ARPEE
Universele Kerk van het Koninkrijk Gods,Dendermondsesteenweg 52,9300 AALST ,AALST,9300,Verbond van Vlaamse Pinkstergemeenten,ARPEE
Universele Kerk van het Koninkrijk Gods,Lange Winkelhaakstraat 23,2060 ANTWERPEN ,ANTWERPEN,2060,Verbond van Vlaamse Pinkstergemeenten,ARPEE
Eglise Universelle du Royaume de Dieu,"Boulevard Joseph Tirou, 25",6020 CHARLEROI ,CHARLEROI,6020,Verbond van Vlaamse Pinkstergemeenten,ARPEE
Eglise Universelle du Royaume de Dieu,"Chaussée de Wavre, 31a",1050 BRUSSEL-ELSENE ,BRUSSEL-ELSENE,1050,Verbond van Vlaamse Pinkstergemeenten,ARPEE
Eglise Universelle du Royaume de Dieu,"Boulevard de la Sauvenière, 107",4000 LIEGE ,LIEGE,4000,Verbond van Vlaamse Pinkstergemeenten,ARPEE
Eglise La Belle,Statiestraat 33,2600 ANTWERPEN ,ANTWERPEN,2600,Verbond van Vlaamse Pinkstergemeenten,ARPEE
Christ ambassadors chapel,Emanuel Hielstraat 68,9050 GAND ,GAND,9050,Redeemed Christian Church of God,ARPEE
Eglise Evangélique - Bethleem,"Rue de Birmingham, 54",1080 BRUSSEL-SINT-JANS-MOLENBEEK ,BRUSSEL-SINT-JANS-MOLENBEEK,1080,Réseau Antioche,ARPEE
Réveil de la Foi,"Avenue Docteur Zamenhof, 31b",1070 BRUSSEL-ANDERLECHT ,BRUSSEL-ANDERLECHT,1070,Église de Dieu en Belgique,ARPEE
Ministère de la foi du Dieu-vivant,"Rue Ransfort, 50",1080 BRUSSEL-SINT-JANS-MOLENBEEK ,BRUSSEL-SINT-JANS-MOLENBEEK,1080,Réseau Antioche,ARPEE
Foi Audacieuse International,"Square de l’Aviation, 15",1070 BRUSSEL-ANDERLECHT ,BRUSSEL-ANDERLECHT,1070,Réseau Antioche,ARPEE
Eglise Pentecôtiste de la Victoire,"Square de l’Aviation, 15, boite 2",1060 BRUSSEL-SINT-GILLIS ,BRUSSEL-SINT-GILLIS,1060,Réseau Antioche,ARPEE
"Redeemed Christian Church of God, Bethel House",Nieuwstraat 25,9100 SAINT-NICOLAS ,SAINT-NICOLAS,9100,Redeemed Christian Church of God,ARPEE
Eglise Vaincre,Rue du Chimiste 58-60,1080 BRUSSEL-SINT-JANS-MOLENBEEK ,BRUSSEL-SINT-JANS-MOLENBEEK,1080,Fraternité des Églises du Réveil en Belgique,ARPEE
Eglise Le Sanctuaire de Jésus,Rue de la Vérité 1,1070 BRUSSEL-ANDERLECHT ,BRUSSEL-ANDERLECHT,1070,Fraternité des Églises du Réveil en Belgique,ARPEE
Assemblée de Dieu Logos-Communion,Rue Eloy 81,1070 BRUSSEL-ANDERLECHT ,BRUSSEL-ANDERLECHT,1070,Fraternité des Églises du Réveil en Belgique,ARPEE
Eglise Chapelle de la Victoire,Rue du Chimiste 58-60,1080 BRUSSEL-SINT-JANS-MOLENBEEK ,BRUSSEL-SINT-JANS-MOLENBEEK,1080,Fraternité des Églises du Réveil en Belgique,ARPEE
Eglise La Cité de la Foi,Rue Brialmont 7,1210 BRUSSEL-SINT-JOOST-TEN-NODE ,BRUSSEL-SINT-JOOST-TEN-NODE,1210,Fraternité des Églises du Réveil en Belgique,ARPEE
Eglise Montagne de Transfiguration,Rue de l'Instruction 112,1070 BRUSSEL-ANDERLECHT ,BRUSSEL-ANDERLECHT,1070,Fraternité des Églises du Réveil en Belgique,ARPEE
Ministère International pour le Salut des Ames,Avenue de l'Arbre Ballon 12,1090 BRUSSEL-JETTE ,BRUSSEL-JETTE,1090,Fraternité des Églises du Réveil en Belgique,ARPEE
Assemblée de Dieu La Nouvelle Bergerie,Rue Birmingham 349,1070 BRUSSEL-ANDERLECHT ,BRUSSEL-ANDERLECHT,1070,Fraternité des Églises du Réveil en Belgique,ARPEE
MINISTERE POUR LA GUERISON DES NATIONS,Rue Moulin Lavigne 1 B,5002 NAMUR ,NAMUR,5002,Concertation des Églises Indépendantes,ARPEE
Lifepoint Church,Rue Colonel Bourg 123,1140 BRUSSEL-EVERE ,BRUSSEL-EVERE,1140,Overleg van Autonome Evangelische Gemeenten,ARPEE
L'Arche pour la Terre Promise,"Galerie Porte de Namur 23, boîte 01",1050 BRUSSEL-ELSENE ,BRUSSEL-ELSENE,1050,Concertation des Églises Indépendantes,ARPEE
Op Weg Geloofsgemeenschap,Jan Van Aelbroecklaan 33,9050 GAND ,GAND,9050,Overleg van Autonome Evangelische Gemeenten,ARPEE
Eglise Protestante Evangélique “La Trinité”,Rue Delaunoy 58,1080 BRUSSEL-SINT-JANS-MOLENBEEK ,BRUSSEL-SINT-JANS-MOLENBEEK,1080,Assemblées de Dieu Francophones de Belgique,ARPEE
La Nouvelle Jérusalem à Courcelles,Rue de la Glacerie 122,6180 COURCELLES ,COURCELLES,6180,Église de Dieu en Belgique,ARPEE
Working With The Lord Ministry,Onderwijsstraat 28,2060 ANTWERPEN ,ANTWERPEN,2060,Redeemed Christian Church of God,ARPEE
Vineyard-Antwerpen,Lambermondstraat 12,2000 ANTWERPEN ,ANTWERPEN,2000,Verbond van Vlaamse Pinkstergemeenten,ARPEE
Winners International Ministry,August De Boeckstraat 2B,9100 SAINT-NICOLAS ,SAINT-NICOLAS,9100,Verbond van Vlaamse Pinkstergemeenten,ARPEE
Centre Evangelique La Restauration,Edmond Blockstraat 12 B,9050 GAND ,GAND,9050,Verbond van Vlaamse Pinkstergemeenten,ARPEE
Greater Love Assembly / Tribe of praise,Rue Leopold 20,7000 MONS ,MONS,7000,Verbond van Vlaamse Pinkstergemeenten,ARPEE
The Door Christian Fellowship Church Antwerp,Provinciestraat 209,2018 ANTWERPEN ,ANTWERPEN,2018,Verbond van Vlaamse Pinkstergemeenten,ARPEE
Assemblée Chrétienne Evangélique de Pentecôte L'arche de Noé,Rue du Bailli 5,6220 FLEURUS ,FLEURUS,6220,Réseau Antioche,ARPEE
Bethel Assemblée Evangélique Foi Vivante Paix en Christ,Rue des Cannoniers 26,7000 MONS ,MONS,7000,Réseau Antioche,ARPEE
Bethesda Church,Rue de l'Eléphant 19,9600 RENAIX ,RENAIX,9600,Réseau Antioche,ARPEE
Communauté du Salut Christ est Vivant,Rue des Alliés 274,1190 BRUSSEL-VORST ,BRUSSEL-VORST,1190,Réseau Antioche,ARPEE
Eglise Evangélique Christ-Vivant,Lakborslei 108 bus 9,2100 ANTWERPEN ,ANTWERPEN,2100,Réseau Antioche,ARPEE
Eglise Pentecôte Arche de Dieu,Rue Emile Vandervelde 44 B,6030 CHARLEROI-MARCHIENNE-AU-PONT ,CHARLEROI-MARCHIENNE-AU-PONT,6030,Réseau Antioche,ARPEE
Fontaine Tabernacle,Hamerstraat 21-25,2800 MECHELEN ,MECHELEN,2800,Réseau Antioche,ARPEE
"Fraternité Évangélique de Pentecôte en Afrique & en Belgique, Paroisse de Namur",Rue Bathasar-Florence 31,5000 NAMUR ,NAMUR,5000,Réseau Antioche,ARPEE
Godly Peace Pentecostal Church,Rue Gheude 21-25,1070 BRUSSEL-ANDERLECHT ,BRUSSEL-ANDERLECHT,1070,Réseau Antioche,ARPEE
Jesus is Lord Church Gent,Phoenixstraat 59,9000 GAND ,GAND,9000,Réseau Antioche,ARPEE
Jesus is Lord Church Antwerpen,Van Arteveldestraat 7,2060 ANTWERPEN ,ANTWERPEN,2060,Réseau Antioche,ARPEE
Alive Kerk,"Gebouwen van het Heilig Hartinstituut, Naamsesteenweg 355",3001 LOUVAIN ,LOUVAIN,3001,Overleg van Autonome Evangelische Gemeenten,ARPEE
Het Huis van God,Langemeersstraat 6,8500 COURTRAI ,COURTRAI,8500,Overleg van Autonome Evangelische Gemeenten,ARPEE
Cité Béthel Flandre,Schakelstraat 8,8790 WAREGEM ,WAREGEM,8790,Fraternité des Églises du Réveil en Belgique,ARPEE
La Colonne de Feu Connexion,Rue Général Eeenens 62,1030 BRUSSEL-SCHAARBEEK ,BRUSSEL-SCHAARBEEK,1030,Fraternité des Églises du Réveil en Belgique,ARPEE
Centre Evangélique et Missionnaire Amis de Christ,Rue Lloyd-Georges 45,7012 MONS ,MONS,7012,Fraternité des Églises du Réveil en Belgique,ARPEE
Due Season Ministries,Kersbeekstraat 13,2060 ANTWERPEN ,ANTWERPEN,2060,Verbond van Vlaamse Pinkstergemeenten,ARPEE
Gloriepoort,Hendrik Kuijpersstraat 60,2640 MORTSEL ,MORTSEL,2640,Verbond van Vlaamse Pinkstergemeenten,ARPEE
Evangelische Levendwater Gemeente,Sint-Jozefsweg 2,8540 COURTRAI ,COURTRAI,8540,Overleg van Autonome Evangelische Gemeenten,ARPEE
Impact Centre Chrétien - Campus Liège,Rue du Sewage 3/1,4100 SERAING ,SERAING,4100,Réseau Antioche,ARPEE
Eglise Emmanuel Etterbeek,"l'Arrière-Scène, Rue de Chambéry 32",1040 BRUSSEL-ETTERBEEK ,BRUSSEL-ETTERBEEK,1040,Association des Églises Protestantes Évangéliques de Belgique,ARPEE
Believers Emblem Ministries,Lovelingstraat 8,2000 Antwerpen,Antwerpen,2000,,EAV
Christ Fellowship Bible Ministries ,Lange Van Sterbeeckstraat 323,2060 Antwerpen,Antwerpen,2060,,EAV
Church Of Pentecost P.I.W.C.,Langescholierstraat 17,2060 Antwerpen,Antwerpen,2060,,EAV
End Time Harvesters International Ministries,Gasstraat 31/11,2060 Antwerpen,Antwerpen,2060,,EAV
Eglise Grace de Dieu ,Van Arteveldestraat 25,2060 Antwerpen,Antwerpen,2060,,EAV
Eglise Vie Comblée ,Lindeboom 2,2060 Antwerpen,Antwerpen,2060,,EAV
Assembleia De Deus Nova Vida,Italiëlei 90,2060 Antwerpen,Antwerpen,2060,,EAV
Grace Communion International,Hanegraafstraat,3050 Antwerpen,Antwerpen,3050,,EAV
Le Rocher du Salut,Trapstraat 16,2060 Antwerpen,Antwerpen,2060,,EAV
Outreach Internat. Ministry,Dambruggestraat 281,2060 Antwerpen,Antwerpen,2060,,EAV
The Redeemed Christian Church of God  - Calvary Parish ,Carnotstraat 78,2060 Antwerpen,Antwerpen,2060,,EAV
Revelation of God Ministry,Dambruggestraat 55,2060 Antwerpen,Antwerpen,2060,,EAV
Vergadering Van Gelovigen,Lamorinièrestraat 223,2018 Antwerpen,Antwerpen,2018,,EAV
Apostleship Faith Ministry,Lange Pastoorstraat 13-15,2600 Antwerpen-Berchem,Antwerpen-Berchem,2600,,ARPEE
Eglise Vie Nouvelle ,Hogeweg 14,2140 Antwerpen-Borgerhout,Antwerpen-Borgerhout,2140,,EAV
Jesus The Light Mission,Stenenbrug 11,2140 Antwerpen-Borgerhout,Antwerpen-Borgerhout,2140,,EAV
Le Trône de L'Eternel ,Albrecht Rodenbachlaan 15,2140 Antwerpen-Borgerhout,Antwerpen-Borgerhout,2140,,EAV
Vergadering Van Gelovigen,Fonteinstraat 4a,2140 Antwerpen-Borgerhout,Antwerpen-Borgerhout,2140,,EAV
Christian Center Bethel,Schotensesteenweg 33,2100 Antwerpen-Deurne,Antwerpen-Deurne,2100,,EAV
Gospel Faith Kingdom Outreach,Ten Eekhovelei 292,2100 Antwerpen-Deurne,Antwerpen-Deurne,2100,,EAV
Pinkstergemeente 'op De Rots',Oudenaardsesteenweg 111,8580 Avelgem,Avelgem,8580,,EAV
Church Of Pentecost,Jan Boninstraat 20,8000 Brugge,Brugge,8000,,EAV
